"","plot","treatment","month","year","date","seasonID","PB_period","ID","total","reproductive","proportion","mon_PB","roll_PB"
"1","2","control",2,1996,1996-02-24,"1","2",190,1,0,0,0,46
"2","2","control",2,2007,2007-02-17,"1","2",299,1,0,0,194,632
"3","2","control",3,1996,1996-03-23,"2","2",191,1,0,0,0,46
"4","2","control",3,2003,2003-03-29,"2","2",261,1,0,0,253,736
"5","2","control",3,2007,2007-03-17,"2","2",300,1,0,0,354,849
"6","2","control",3,2014,2014-03-29,"2","3",374,1,0,0,0,32
"7","2","control",4,1996,1996-04-14,"2","2",192,1,1,1,0,0
"8","2","control",4,1997,1997-04-12,"2","2",203,2,1,0.5,31,329.87351518
"9","2","control",4,2001,2001-04-21,"2","2",242,1,0,0,0,153
"10","2","control",4,2002,2002-04-17,"2","2",0,2,0,0,0,0
"11","2","control",4,2004,2004-04-17,"2","2",0,1,0,0,0,0
"12","2","control",4,2005,2005-04-09,"2","2",280,3,1,0.333333333333333,33,430
"13","2","control",4,2006,2006-04-29,"2","2",292,2,0,0,81,398
"14","2","control",4,2007,2007-04-14,"2","2",301,2,0,0,294,842
"15","2","control",4,2011,2011-04-02,"2","3",345,1,0,0,0,0
"16","2","control",4,2012,2012-04-21,"2","3",355,1,0,0,31.87351518,108.87351518
"17","2","control",4,2014,2014-04-26,"2","3",375,1,0,0,70,102
"18","2","control",5,1996,1996-05-23,"2","2",193,2,0,0,0,0
"19","2","control",5,1997,1997-05-10,"2","2",204,2,0,0,17,157.87351518
"20","2","control",5,2002,2002-05-15,"2","2",251,2,0,0,130,238
"21","2","control",5,2003,2003-05-03,"2","2",262,3,1,0.333333333333333,131,647
"22","2","control",5,2003,2003-05-28,"2","2",263,5,2,0.4,194,578
"23","2","control",5,2004,2004-05-17,"2","2",274,2,1,0.5,0,137
"24","2","control",5,2005,2005-05-07,"2","2",0,2,1,0.5,0,0
"25","2","control",5,2006,2006-05-27,"2","2",293,1,0,0,90,348
"26","2","control",5,2008,2008-05-03,"2","2",313,1,0,0,248,686
"27","2","control",5,2009,2009-05-23,"2","2",326,2,0,0,62,172
"28","2","control",5,2010,2010-05-15,"2","2",338,1,1,1,0,36
"29","2","control",5,2011,2011-05-07,"2","3",346,1,0,0,0,0
"30","2","control",5,2011,2011-05-26,"2","3",0,1,0,0,0,0
"31","2","control",5,2013,2013-05-11,"2","3",367,4,0,0,0,0
"32","2","control",5,2014,2014-05-31,"2","3",376,4,0,0,40,110
"33","2","control",6,1996,1996-06-13,"3","2",194,2,1,0.5,26,26
"34","2","control",6,1997,1997-06-09,"3","2",205,1,1,1,100,148
"35","2","control",6,2002,2002-06-15,"3","2",252,1,0,0,77,283
"36","2","control",6,2003,2003-06-28,"3","2",264,6,3,0.5,160,485
"37","2","control",6,2004,2004-06-19,"3","2",0,3,1,0.333333333333333,0,0
"38","2","control",6,2005,2005-06-04,"3","2",281,1,1,1,82,331
"39","2","control",6,2008,2008-06-07,"3","2",314,1,1,1,301,770
"40","2","control",6,2008,2008-06-28,"3","2",315,3,1,0.333333333333333,311,860
"41","2","control",6,2009,2009-06-20,"3","2",327,1,0,0,89,261
"42","2","control",6,2012,2012-06-16,"3","3",356,5,2,0.4,25,97.87351518
"43","2","control",6,2014,2014-06-28,"3","3",377,7,1,0.142857142857143,0,110
"44","2","control",7,1995,1995-07-20,"3","2",183,4,1,0.25,0,0
"45","2","control",7,1996,1996-07-20,"3","2",195,1,1,1,24,50
"46","2","control",7,2000,2000-07-01,"3","2",236,1,0,0,238,545
"47","2","control",7,2002,2002-07-13,"3","2",253,4,0,0,95,302
"48","2","control",7,2003,2003-07-28,"3","2",265,5,2,0.4,168,522
"49","2","control",7,2004,2004-07-18,"3","2",0,1,0,0,0,0
"50","2","control",7,2005,2005-07-09,"3","2",282,5,0,0,177,292
"51","2","control",7,2006,2006-07-22,"3","2",294,6,0,0,166,337
"52","2","control",7,2007,2007-07-14,"3","2",304,1,0,0,370,1043.87351518
"53","2","control",7,2008,2008-07-26,"3","2",316,2,1,0.5,99,711
"54","2","control",7,2009,2009-07-29,"3","2",328,1,0,0,65,216
"55","2","control",7,2010,2010-07-10,"3","2",339,1,0,0,0,0
"56","2","control",7,2011,2011-07-02,"3","3",347,1,1,1,0,0
"57","2","control",7,2012,2012-07-28,"3","3",357,7,1,0.142857142857143,0,56.87351518
"58","2","control",7,2013,2013-07-06,"3","3",368,4,0,0,0,0
"59","2","control",8,1994,1994-08-17,"3","1",171,1,0,0,0,0
"60","2","control",8,1995,1995-08-26,"3","2",184,2,0,0,0,0
"61","2","control",8,1996,1996-08-14,"3","2",196,1,1,1,0,50
"62","2","control",8,1998,1998-08-22,"3","2",218,1,0,0,61,61
"63","2","control",8,2000,2000-08-25,"3","2",237,2,0,0,177,605
"64","2","control",8,2001,2001-08-25,"3","2",244,1,0,0,32,32
"65","2","control",8,2003,2003-08-23,"3","2",266,2,0,0,171,499
"66","2","control",8,2004,2004-08-19,"3","2",275,2,0,0,125.87351518,185.87351518
"67","2","control",8,2005,2005-08-06,"3","2",283,6,0,0,207,466
"68","2","control",8,2008,2008-08-30,"3","2",317,3,0,0,199,609
"69","2","control",8,2009,2009-08-22,"3","2",329,4,0,0,56,210
"70","2","control",8,2011,2011-08-06,"3","3",348,4,0,0,0,0
"71","2","control",8,2011,2011-08-27,"3","3",349,4,1,0.25,0,0
"72","2","control",8,2012,2012-08-18,"3","3",358,6,0,0,0,25
"73","2","control",8,2014,2014-08-02,"3","3",378,5,0,0,0,40
"74","2","control",8,2014,2014-08-30,"3","3",379,5,0,0,0,0
"75","2","control",9,1983,1983-09-11,"4","1",0,1,0,0,0,0
"76","2","control",9,1994,1994-09-06,"4","1",172,1,0,0,0,0
"77","2","control",9,1995,1995-09-23,"4","2",185,8,1,0.125,0,0
"78","2","control",9,1996,1996-09-21,"4","2",197,2,0,0,92,116
"79","2","control",9,1997,1997-09-27,"4","2",208,1,0,0,124,256
"80","2","control",9,2004,2004-09-11,"4","2",276,4,0,0,147,272.87351518
"81","2","control",9,2005,2005-09-03,"4","2",284,4,0,0,236,620
"82","2","control",9,2005,2005-09-30,"4","2",285,3,0,0,228,671
"83","2","control",9,2006,2006-09-23,"4","2",295,2,2,1,110,366
"84","2","control",9,2007,2007-09-08,"4","2",305,2,0,0,385,1083.87351518
"85","2","control",9,2009,2009-09-19,"4","2",330,1,0,0,31,152
"86","2","control",9,2010,2010-09-05,"4","2",340,5,0,0,0,0
"87","2","control",9,2012,2012-09-15,"4","3",359,7,0,0,0,0
"88","2","control",9,2013,2013-09-14,"4","3",369,5,1,0.2,0,0
"89","2","control",9,2014,2014-09-27,"4","3",380,4,0,0,99,99
"90","2","control",10,1994,1994-10-12,"4","1",173,1,0,0,0,0
"91","2","control",10,1995,1995-10-28,"4","2",186,6,0,0,0,0
"92","2","control",10,2002,2002-10-05,"4","2",255,2,1,0.5,195,290
"93","2","control",10,2004,2004-10-16,"4","2",277,2,0,0,210,482.87351518
"94","2","control",10,2011,2011-10-01,"4","3",350,3,0,0,0,0
"95","2","control",10,2011,2011-10-22,"4","3",351,2,0,0,0,0
"96","2","control",10,2012,2012-10-13,"4","3",360,5,0,0,26,26
"97","2","control",10,2014,2014-10-25,"4","3",381,2,0,0,39,138
"98","2","control",11,1999,1999-11-06,"4","2",230,1,0,0,38,60
"99","2","control",11,2002,2002-11-09,"4","2",256,1,0,0,98,293
"100","2","control",11,2005,2005-11-05,"4","2",286,1,0,0,238,702
"101","2","control",11,2006,2006-11-18,"4","2",297,5,0,0,137,358
"102","2","control",11,2010,2010-11-06,"4","2",341,2,0,0,0,0
"103","2","control",11,2012,2012-11-10,"4","3",361,2,0,0,29,55
"104","2","control",11,2014,2014-11-22,"4","3",382,2,0,0,41,179
"105","2","control",12,1995,1995-12-02,"1","2",187,1,0,0,0,0
"106","2","control",12,2005,2005-12-09,"1","2",287,1,0,0,147,613
"107","2","control",12,2006,2006-12-16,"1","2",298,3,0,0,301,549
"108","3","exclosure",1,1996,1996-01-28,"1","2",0,1,0,0,0,0
"109","3","exclosure",2,1996,1996-02-25,"1","2",0,2,0,0,0,0
"110","3","exclosure",3,1996,1996-03-24,"2","2",0,1,0,0,0,0
"111","3","exclosure",3,2003,2003-03-30,"2","2",0,1,0,0,0,0
"112","3","exclosure",3,2005,2005-03-13,"2","2",0,1,0,0,0,0
"113","3","exclosure",3,2012,2012-03-13,"2","3",0,2,1,0.5,0,0
"114","3","exclosure",3,2014,2014-03-30,"2","3",0,2,0,0,0,0
"115","3","exclosure",4,1993,1993-04-24,"2","1",0,1,0,0,0,0
"116","3","exclosure",4,1995,1995-04-30,"2","2",0,1,0,0,0,0
"117","3","exclosure",4,1996,1996-04-15,"2","2",0,2,1,0.5,0,0
"118","3","exclosure",4,1997,1997-04-13,"2","2",0,3,0,0,0,0
"119","3","exclosure",4,1999,1999-04-18,"2","2",0,1,0,0,0,0
"120","3","exclosure",4,2002,2002-04-17,"2","2",0,2,2,1,0,0
"121","3","exclosure",4,2005,2005-04-10,"2","2",0,3,2,0.666666666666667,0,0
"122","3","exclosure",4,2007,2007-04-15,"2","2",0,1,0,0,0,0
"123","3","exclosure",4,2009,2009-04-27,"2","2",0,1,0,0,0,0
"124","3","exclosure",4,2012,2012-04-22,"2","3",0,3,1,0.333333333333333,0,0
"125","3","exclosure",4,2013,2013-04-14,"2","3",0,7,0,0,0,0
"126","3","exclosure",5,1994,1994-05-19,"2","1",0,1,0,0,0,0
"127","3","exclosure",5,1996,1996-05-24,"2","2",0,1,1,1,0,0
"128","3","exclosure",5,1998,1998-05-03,"2","2",0,1,0,0,0,0
"129","3","exclosure",5,2002,2002-05-16,"2","2",0,2,1,0.5,0,0
"130","3","exclosure",5,2003,2003-05-04,"2","2",0,2,1,0.5,0,0
"131","3","exclosure",5,2005,2005-05-08,"2","2",0,2,1,0.5,0,0
"132","3","exclosure",5,2006,2006-05-28,"2","2",0,1,0,0,0,0
"133","3","exclosure",5,2007,2007-05-20,"2","2",0,1,0,0,0,0
"134","3","exclosure",5,2011,2011-05-27,"2","3",0,3,0,0,0,0
"135","3","exclosure",5,2013,2013-05-12,"2","3",0,7,0,0,0,0
"136","3","exclosure",6,1993,1993-06-19,"3","1",0,3,1,0.333333333333333,0,0
"137","3","exclosure",6,1995,1995-06-08,"3","2",0,2,0,0,0,0
"138","3","exclosure",6,1995,1995-06-28,"3","2",0,3,1,0.333333333333333,0,0
"139","3","exclosure",6,1996,1996-06-14,"3","2",0,1,0,0,0,0
"140","3","exclosure",6,1997,1997-06-09,"3","2",205,1,0,0,126,193
"141","3","exclosure",6,2002,2002-06-16,"3","2",0,3,1,0.333333333333333,0,0
"142","3","exclosure",6,2003,2003-06-29,"3","2",0,6,0,0,0,0
"143","3","exclosure",6,2004,2004-06-20,"3","2",0,3,1,0.333333333333333,0,0
"144","3","exclosure",6,2005,2005-06-05,"3","2",0,2,0,0,0,0
"145","3","exclosure",6,2007,2007-06-17,"3","2",0,2,0,0,0,0
"146","3","exclosure",6,2008,2008-06-08,"3","2",0,1,0,0,0,0
"147","3","exclosure",6,2008,2008-06-29,"3","2",0,2,0,0,0,0
"148","3","exclosure",6,2012,2012-06-17,"3","3",0,15,4,0.266666666666667,0,0
"149","3","exclosure",6,2014,2014-06-01,"3","3",0,8,3,0.375,0,0
"150","3","exclosure",6,2014,2014-06-29,"3","3",0,11,2,0.181818181818182,0,0
"151","3","exclosure",7,1985,1985-07-24,"3","1",0,1,0,0,0,0
"152","3","exclosure",7,1993,1993-07-15,"3","1",0,1,0,0,0,0
"153","3","exclosure",7,1994,1994-07-09,"3","1",0,1,1,1,0,0
"154","3","exclosure",7,1995,1995-07-21,"3","2",0,3,1,0.333333333333333,0,0
"155","3","exclosure",7,1997,1997-07-11,"3","2",0,1,0,0,0,0
"156","3","exclosure",7,1997,1997-07-30,"3","2",0,1,0,0,0,0
"157","3","exclosure",7,2002,2002-07-14,"3","2",0,2,1,0.5,0,0
"158","3","exclosure",7,2003,2003-07-29,"3","2",0,5,1,0.2,0,0
"159","3","exclosure",7,2004,2004-07-19,"3","2",0,1,0,0,0,0
"160","3","exclosure",7,2006,2006-07-23,"3","2",0,2,1,0.5,0,0
"161","3","exclosure",7,2011,2011-07-03,"3","3",0,7,2,0.285714285714286,0,0
"162","3","exclosure",7,2012,2012-07-29,"3","3",0,12,0,0,0,0
"163","3","exclosure",7,2013,2013-07-07,"3","3",0,7,0,0,0,0
"164","3","exclosure",8,1993,1993-08-20,"3","1",0,1,0,0,0,0
"165","3","exclosure",8,1994,1994-08-18,"3","1",0,1,0,0,0,0
"166","3","exclosure",8,1995,1995-08-27,"3","2",0,7,2,0.285714285714286,0,0
"167","3","exclosure",8,1996,1996-08-15,"3","2",0,4,1,0.25,0,0
"168","3","exclosure",8,1998,1998-08-23,"3","2",0,1,0,0,0,0
"169","3","exclosure",8,2001,2001-08-26,"3","2",0,2,0,0,0,0
"170","3","exclosure",8,2003,2003-08-24,"3","2",0,4,0,0,0,0
"171","3","exclosure",8,2004,2004-08-20,"3","2",0,3,0,0,0,0
"172","3","exclosure",8,2005,2005-08-07,"3","2",0,2,0,0,0,0
"173","3","exclosure",8,2011,2011-08-07,"3","3",0,9,2,0.222222222222222,0,0
"174","3","exclosure",8,2011,2011-08-28,"3","3",0,11,3,0.272727272727273,0,0
"175","3","exclosure",8,2012,2012-08-19,"3","3",0,16,0,0,0,0
"176","3","exclosure",8,2014,2014-08-03,"3","3",0,4,1,0.25,0,0
"177","3","exclosure",8,2014,2014-08-31,"3","3",0,12,1,0.0833333333333333,0,0
"178","3","exclosure",9,1993,1993-09-17,"4","1",0,2,0,0,0,0
"179","3","exclosure",9,1994,1994-09-07,"4","1",0,2,1,0.5,0,0
"180","3","exclosure",9,1995,1995-09-24,"4","2",0,8,3,0.375,0,0
"181","3","exclosure",9,1996,1996-09-22,"4","2",0,3,0,0,0,0
"182","3","exclosure",9,2001,2001-09-23,"4","2",0,3,0,0,0,0
"183","3","exclosure",9,2002,2002-09-10,"4","2",0,1,1,1,0,0
"184","3","exclosure",9,2003,2003-09-28,"4","2",0,1,0,0,0,0
"185","3","exclosure",9,2004,2004-09-12,"4","2",0,3,0,0,0,0
"186","3","exclosure",9,2005,2005-09-04,"4","2",0,1,0,0,0,0
"187","3","exclosure",9,2006,2006-09-24,"4","2",0,1,1,1,0,0
"188","3","exclosure",9,2007,2007-09-09,"4","2",0,2,0,0,0,0
"189","3","exclosure",9,2008,2008-09-28,"4","2",0,1,0,0,0,0
"190","3","exclosure",9,2010,2010-09-06,"4","2",0,4,2,0.5,0,0
"191","3","exclosure",9,2012,2012-09-16,"4","3",0,5,0,0,0,0
"192","3","exclosure",9,2013,2013-09-15,"4","3",0,8,1,0.125,0,0
"193","3","exclosure",9,2014,2014-09-28,"4","3",0,7,0,0,0,0
"194","3","exclosure",10,1993,1993-10-16,"4","1",0,1,0,0,0,0
"195","3","exclosure",10,1994,1994-10-13,"4","1",0,2,0,0,0,0
"196","3","exclosure",10,1995,1995-10-29,"4","2",0,6,0,0,0,0
"197","3","exclosure",10,1996,1996-10-13,"4","2",0,3,0,0,0,0
"198","3","exclosure",10,2001,2001-10-14,"4","2",0,1,1,1,0,0
"199","3","exclosure",10,2004,2004-10-17,"4","2",0,3,0,0,0,0
"200","3","exclosure",10,2005,2005-10-01,"4","2",0,3,0,0,0,0
"201","3","exclosure",10,2006,2006-10-22,"4","2",0,1,1,1,0,0
"202","3","exclosure",10,2007,2007-10-14,"4","2",0,1,0,0,0,0
"203","3","exclosure",10,2008,2008-10-27,"4","2",0,1,0,0,0,0
"204","3","exclosure",10,2011,2011-10-02,"4","3",0,9,3,0.333333333333333,0,0
"205","3","exclosure",10,2011,2011-10-23,"4","3",0,11,1,0.0909090909090909,0,0
"206","3","exclosure",10,2012,2012-10-14,"4","3",0,10,0,0,0,0
"207","3","exclosure",10,2014,2014-10-26,"4","3",0,5,0,0,0,0
"208","3","exclosure",11,1996,1996-11-17,"4","2",0,1,0,0,0,0
"209","3","exclosure",11,2001,2001-11-18,"4","2",0,1,0,0,0,0
"210","3","exclosure",11,2006,2006-11-19,"4","2",0,2,0,0,0,0
"211","3","exclosure",11,2008,2008-11-23,"4","2",0,1,0,0,0,0
"212","3","exclosure",11,2010,2010-11-07,"4","2",0,2,0,0,0,0
"213","3","exclosure",11,2012,2012-11-11,"4","3",0,2,0,0,0,0
"214","3","exclosure",11,2013,2013-11-03,"4","3",0,5,0,0,0,0
"215","3","exclosure",11,2014,2014-11-23,"4","3",0,4,0,0,0,0
"216","3","exclosure",12,1995,1995-12-03,"1","2",0,2,0,0,0,0
"217","3","exclosure",12,1995,1995-12-22,"1","2",0,1,0,0,0,0
"218","3","exclosure",12,2006,2006-12-17,"1","2",0,3,0,0,0,0
"219","4","control",2,2007,2007-02-18,"1","2",0,1,0,0,0,0
"220","4","control",3,2007,2007-03-18,"2","2",0,3,0,0,0,0
"221","4","control",3,2008,2008-03-10,"2","2",0,1,0,0,0,0
"222","4","control",3,2014,2014-03-30,"2","3",0,4,0,0,0,0
"223","4","control",4,1993,1993-04-24,"2","1",0,1,0,0,0,0
"224","4","control",4,1996,1996-04-15,"2","2",0,1,0,0,0,0
"225","4","control",4,2000,2000-04-30,"2","2",0,2,1,0.5,0,0
"226","4","control",4,2002,2002-04-17,"2","2",0,2,0,0,0,0
"227","4","control",4,2004,2004-04-18,"2","2",0,1,0,0,0,0
"228","4","control",4,2005,2005-04-10,"2","2",0,2,0,0,0,0
"229","4","control",4,2006,2006-04-30,"2","2",0,2,1,0.5,0,0
"230","4","control",4,2007,2007-04-15,"2","2",0,3,0,0,0,0
"231","4","control",4,2008,2008-04-07,"2","2",0,1,0,0,0,0
"232","4","control",4,2009,2009-04-27,"2","2",0,3,1,0.333333333333333,0,0
"233","4","control",4,2010,2010-04-18,"2","2",0,2,0,0,0,0
"234","4","control",4,2011,2011-04-03,"2","3",0,3,0,0,0,0
"235","4","control",4,2012,2012-04-22,"2","3",0,4,1,0.25,0,0
"236","4","control",4,2013,2013-04-14,"2","3",0,6,0,0,0,0
"237","4","control",4,2014,2014-04-27,"2","3",0,5,2,0.4,0,0
"238","4","control",5,1997,1997-05-11,"2","2",0,1,1,1,0,0
"239","4","control",5,2002,2002-05-16,"2","2",0,2,1,0.5,0,0
"240","4","control",5,2003,2003-05-04,"2","2",0,1,0,0,0,0
"241","4","control",5,2004,2004-05-18,"2","2",0,2,2,1,0,0
"242","4","control",5,2005,2005-05-08,"2","2",0,2,2,1,0,0
"243","4","control",5,2006,2006-05-28,"2","2",0,3,2,0.666666666666667,0,0
"244","4","control",5,2007,2007-05-20,"2","2",0,5,2,0.4,0,0
"245","4","control",5,2008,2008-05-04,"2","2",0,4,0,0,0,0
"246","4","control",5,2009,2009-05-24,"2","2",0,2,1,0.5,0,0
"247","4","control",5,2011,2011-05-08,"2","3",0,2,0,0,0,0
"248","4","control",5,2011,2011-05-27,"2","3",0,6,3,0.5,0,0
"249","4","control",5,2013,2013-05-12,"2","3",0,10,0,0,0,0
"250","4","control",6,1993,1993-06-19,"3","1",0,1,0,0,0,0
"251","4","control",6,1996,1996-06-14,"3","2",0,1,0,0,0,0
"252","4","control",6,2000,2000-06-04,"3","2",0,2,1,0.5,0,0
"253","4","control",6,2002,2002-06-16,"3","2",0,3,1,0.333333333333333,0,0
"254","4","control",6,2003,2003-06-29,"3","2",0,3,0,0,0,0
"255","4","control",6,2004,2004-06-20,"3","2",0,6,4,0.666666666666667,0,0
"256","4","control",6,2005,2005-06-05,"3","2",0,2,1,0.5,0,0
"257","4","control",6,2007,2007-06-17,"3","2",0,7,3,0.428571428571429,0,0
"258","4","control",6,2008,2008-06-08,"3","2",0,3,1,0.333333333333333,0,0
"259","4","control",6,2008,2008-06-29,"3","2",0,5,1,0.2,0,0
"260","4","control",6,2009,2009-06-21,"3","2",0,6,0,0,0,0
"261","4","control",6,2012,2012-06-17,"3","3",0,13,3,0.230769230769231,0,0
"262","4","control",6,2014,2014-06-01,"3","3",0,6,1,0.166666666666667,0,0
"263","4","control",6,2014,2014-06-29,"3","3",0,10,2,0.2,0,0
"264","4","control",7,1998,1998-07-19,"3","2",0,2,1,0.5,0,0
"265","4","control",7,2000,2000-07-02,"3","2",0,1,1,1,0,0
"266","4","control",7,2002,2002-07-14,"3","2",0,3,0,0,0,0
"267","4","control",7,2003,2003-07-29,"3","2",0,2,0,0,0,0
"268","4","control",7,2004,2004-07-19,"3","2",0,4,2,0.5,0,0
"269","4","control",7,2005,2005-07-10,"3","2",0,4,0,0,0,0
"270","4","control",7,2006,2006-07-23,"3","2",0,8,3,0.375,0,0
"271","4","control",7,2007,2007-07-15,"3","2",0,9,0,0,0,0
"272","4","control",7,2008,2008-07-27,"3","2",0,1,0,0,0,0
"273","4","control",7,2009,2009-07-30,"3","2",0,4,0,0,0,0
"274","4","control",7,2010,2010-07-11,"3","2",0,4,3,0.75,0,0
"275","4","control",7,2011,2011-07-03,"3","3",0,4,0,0,0,0
"276","4","control",7,2012,2012-07-29,"3","3",0,19,1,0.0526315789473684,0,0
"277","4","control",7,2013,2013-07-07,"3","3",0,7,0,0,0,0
"278","4","control",8,1985,1985-08-20,"3","1",0,1,0,0,0,0
"279","4","control",8,1993,1993-08-20,"3","1",0,1,0,0,0,0
"280","4","control",8,1995,1995-08-27,"3","2",0,2,0,0,0,0
"281","4","control",8,1996,1996-08-15,"3","2",0,1,1,1,0,0
"282","4","control",8,2000,2000-08-26,"3","2",0,1,0,0,0,0
"283","4","control",8,2001,2001-08-26,"3","2",0,1,0,0,0,0
"284","4","control",8,2003,2003-08-24,"3","2",0,2,0,0,0,0
"285","4","control",8,2004,2004-08-20,"3","2",0,5,1,0.2,0,0
"286","4","control",8,2005,2005-08-07,"3","2",0,4,0,0,0,0
"287","4","control",8,2008,2008-08-31,"3","2",0,2,1,0.5,0,0
"288","4","control",8,2009,2009-08-23,"3","2",0,1,0,0,0,0
"289","4","control",8,2011,2011-08-07,"3","3",0,3,0,0,0,0
"290","4","control",8,2011,2011-08-28,"3","3",0,11,3,0.272727272727273,0,0
"291","4","control",8,2012,2012-08-19,"3","3",0,20,1,0.05,0,0
"292","4","control",8,2014,2014-08-03,"3","3",0,5,0,0,0,0
"293","4","control",8,2014,2014-08-31,"3","3",0,6,0,0,0,0
"294","4","control",9,1995,1995-09-24,"4","2",0,3,0,0,0,0
"295","4","control",9,2001,2001-09-23,"4","2",0,1,0,0,0,0
"296","4","control",9,2002,2002-09-10,"4","2",0,1,0,0,0,0
"297","4","control",9,2004,2004-09-12,"4","2",0,5,1,0.2,0,0
"298","4","control",9,2005,2005-09-04,"4","2",0,5,0,0,0,0
"299","4","control",9,2006,2006-09-24,"4","2",0,4,3,0.75,0,0
"300","4","control",9,2007,2007-09-09,"4","2",0,9,0,0,0,0
"301","4","control",9,2008,2008-09-28,"4","2",0,3,0,0,0,0
"302","4","control",9,2010,2010-09-06,"4","2",0,5,0,0,0,0
"303","4","control",9,2012,2012-09-16,"4","3",0,5,0,0,0,0
"304","4","control",9,2013,2013-09-15,"4","3",0,12,0,0,0,0
"305","4","control",9,2014,2014-09-28,"4","3",0,4,1,0.25,0,0
"306","4","control",10,1995,1995-10-29,"4","2",0,1,0,0,0,0
"307","4","control",10,2002,2002-10-06,"4","2",0,1,0,0,0,0
"308","4","control",10,2004,2004-10-17,"4","2",0,2,0,0,0,0
"309","4","control",10,2005,2005-10-01,"4","2",0,5,0,0,0,0
"310","4","control",10,2006,2006-10-22,"4","2",0,4,1,0.25,0,0
"311","4","control",10,2007,2007-10-14,"4","2",0,2,0,0,0,0
"312","4","control",10,2008,2008-10-27,"4","2",0,2,0,0,0,0
"313","4","control",10,2011,2011-10-02,"4","3",0,15,2,0.133333333333333,0,0
"314","4","control",10,2011,2011-10-23,"4","3",0,12,1,0.0833333333333333,0,0
"315","4","control",10,2012,2012-10-14,"4","3",0,7,0,0,0,0
"316","4","control",10,2014,2014-10-26,"4","3",0,2,0,0,0,0
"317","4","control",11,2005,2005-11-06,"4","2",0,2,0,0,0,0
"318","4","control",11,2006,2006-11-19,"4","2",0,5,0,0,0,0
"319","4","control",11,2007,2007-11-11,"4","2",0,2,0,0,0,0
"320","4","control",11,2010,2010-11-07,"4","2",0,2,0,0,0,0
"321","4","control",11,2012,2012-11-11,"4","3",0,2,0,0,0,0
"322","4","control",11,2013,2013-11-03,"4","3",0,7,0,0,0,0
"323","4","control",11,2014,2014-11-23,"4","3",0,1,0,0,0,0
"324","4","control",12,1995,1995-12-22,"1","2",0,1,0,0,0,0
"325","4","control",12,2006,2006-12-17,"1","2",0,3,0,0,0,0
"326","4","control",12,2012,2012-12-09,"1","3",0,1,0,0,0,0
"327","8","control",1,2000,2000-01-10,"1","2",0,1,0,0,0,0
"328","8","control",1,2006,2006-01-29,"1","2",0,1,0,0,0,0
"329","8","control",2,2003,2003-02-02,"1","2",0,1,0,0,0,0
"330","8","control",2,2012,2012-02-20,"1","3",0,1,0,0,0,0
"331","8","control",3,1996,1996-03-24,"2","2",0,1,0,0,0,0
"332","8","control",3,2003,2003-03-30,"2","2",0,2,0,0,0,0
"333","8","control",3,2005,2005-03-13,"2","2",0,2,0,0,0,0
"334","8","control",3,2006,2006-03-05,"2","2",0,1,1,1,0,0
"335","8","control",3,2006,2006-03-26,"2","2",0,1,0,0,0,0
"336","8","control",3,2007,2007-03-18,"2","2",0,2,0,0,0,0
"337","8","control",3,2012,2012-03-13,"2","3",0,3,0,0,0,0
"338","8","control",3,2013,2013-03-14,"2","3",0,1,0,0,0,0
"339","8","control",3,2014,2014-03-30,"2","3",0,2,0,0,0,0
"340","8","control",4,1996,1996-04-15,"2","2",0,5,1,0.2,0,0
"341","8","control",4,1997,1997-04-13,"2","2",0,1,0,0,0,0
"342","8","control",4,2004,2004-04-18,"2","2",0,1,0,0,0,0
"343","8","control",4,2005,2005-04-10,"2","2",0,5,4,0.8,0,0
"344","8","control",4,2006,2006-04-30,"2","2",0,3,0,0,0,0
"345","8","control",4,2007,2007-04-15,"2","2",0,3,3,1,0,0
"346","8","control",4,2008,2008-04-07,"2","2",0,1,0,0,0,0
"347","8","control",4,2009,2009-04-27,"2","2",0,2,0,0,0,0
"348","8","control",4,2010,2010-04-18,"2","2",0,1,0,0,0,0
"349","8","control",4,2011,2011-04-03,"2","3",0,1,0,0,0,0
"350","8","control",4,2012,2012-04-22,"2","3",0,4,1,0.25,0,0
"351","8","control",4,2013,2013-04-14,"2","3",0,3,0,0,0,0
"352","8","control",4,2014,2014-04-27,"2","3",0,1,0,0,0,0
"353","8","control",5,1996,1996-05-24,"2","2",0,1,0,0,0,0
"354","8","control",5,2003,2003-05-04,"2","2",0,1,0,0,0,0
"355","8","control",5,2003,2003-05-29,"2","2",0,1,0,0,0,0
"356","8","control",5,2004,2004-05-18,"2","2",0,1,0,0,0,0
"357","8","control",5,2005,2005-05-08,"2","2",0,4,2,0.5,0,0
"358","8","control",5,2007,2007-05-20,"2","2",0,5,1,0.2,0,0
"359","8","control",5,2008,2008-05-04,"2","2",0,4,0,0,0,0
"360","8","control",5,2009,2009-05-24,"2","2",0,1,1,1,0,0
"361","8","control",5,2010,2010-05-16,"2","2",0,1,1,1,0,0
"362","8","control",5,2011,2011-05-08,"2","3",0,3,1,0.333333333333333,0,0
"363","8","control",5,2011,2011-05-27,"2","3",0,2,0,0,0,0
"364","8","control",5,2013,2013-05-12,"2","3",0,2,1,0.5,0,0
"365","8","control",6,1996,1996-06-14,"3","2",0,2,0,0,0,0
"366","8","control",6,1997,1997-06-10,"3","2",0,2,0,0,0,0
"367","8","control",6,1999,1999-06-13,"3","2",0,1,0,0,0,0
"368","8","control",6,2000,2000-06-04,"3","2",0,1,0,0,0,0
"369","8","control",6,2002,2002-06-16,"3","2",0,1,1,1,0,0
"370","8","control",6,2003,2003-06-29,"3","2",0,4,0,0,0,0
"371","8","control",6,2004,2004-06-20,"3","2",0,1,1,1,0,0
"372","8","control",6,2005,2005-06-05,"3","2",0,6,2,0.333333333333333,0,0
"373","8","control",6,2007,2007-06-17,"3","2",0,5,0,0,0,0
"374","8","control",6,2008,2008-06-08,"3","2",0,1,0,0,0,0
"375","8","control",6,2008,2008-06-29,"3","2",0,2,0,0,0,0
"376","8","control",6,2009,2009-06-21,"3","2",0,6,1,0.166666666666667,0,0
"377","8","control",6,2012,2012-06-17,"3","3",0,6,3,0.5,0,0
"378","8","control",6,2014,2014-06-01,"3","3",0,6,1,0.166666666666667,0,0
"379","8","control",6,2014,2014-06-29,"3","3",0,5,1,0.2,0,0
"380","8","control",7,1995,1995-07-21,"3","2",0,4,3,0.75,0,0
"381","8","control",7,1996,1996-07-21,"3","2",0,1,0,0,0,0
"382","8","control",7,1997,1997-07-10,"3","2",0,4,0,0,0,0
"383","8","control",7,1997,1997-07-30,"3","2",0,1,0,0,0,0
"384","8","control",7,1998,1998-07-19,"3","2",0,2,1,0.5,0,0
"385","8","control",7,2000,2000-07-02,"3","2",0,2,0,0,0,0
"386","8","control",7,2002,2002-07-14,"3","2",0,4,0,0,0,0
"387","8","control",7,2003,2003-07-29,"3","2",0,3,1,0.333333333333333,0,0
"388","8","control",7,2004,2004-07-19,"3","2",0,2,1,0.5,0,0
"389","8","control",7,2005,2005-07-10,"3","2",0,5,1,0.2,0,0
"390","8","control",7,2006,2006-07-23,"3","2",0,4,2,0.5,0,0
"391","8","control",7,2007,2007-07-15,"3","2",0,6,1,0.166666666666667,0,0
"392","8","control",7,2009,2009-07-30,"3","2",0,3,0,0,0,0
"393","8","control",7,2010,2010-07-11,"3","2",0,3,2,0.666666666666667,0,0
"394","8","control",7,2011,2011-07-03,"3","3",0,3,0,0,0,0
"395","8","control",7,2012,2012-07-29,"3","3",0,10,0,0,0,0
"396","8","control",7,2013,2013-07-07,"3","3",0,5,0,0,0,0
"397","8","control",8,1995,1995-08-27,"3","2",0,5,1,0.2,0,0
"398","8","control",8,1996,1996-08-15,"3","2",0,1,0,0,0,0
"399","8","control",8,1998,1998-08-23,"3","2",0,1,1,1,0,0
"400","8","control",8,2001,2001-08-26,"3","2",0,2,0,0,0,0
"401","8","control",8,2003,2003-08-24,"3","2",0,1,0,0,0,0
"402","8","control",8,2004,2004-08-20,"3","2",0,2,0,0,0,0
"403","8","control",8,2005,2005-08-07,"3","2",0,6,2,0.333333333333333,0,0
"404","8","control",8,2011,2011-08-07,"3","3",0,4,1,0.25,0,0
"405","8","control",8,2011,2011-08-28,"3","3",0,2,0,0,0,0
"406","8","control",8,2012,2012-08-19,"3","3",0,10,0,0,0,0
"407","8","control",8,2014,2014-08-03,"3","3",0,3,0,0,0,0
"408","8","control",8,2014,2014-08-31,"3","3",0,5,0,0,0,0
"409","8","control",9,1995,1995-09-24,"4","2",0,6,0,0,0,0
"410","8","control",9,1996,1996-09-22,"4","2",0,1,0,0,0,0
"411","8","control",9,2001,2001-09-23,"4","2",0,2,0,0,0,0
"412","8","control",9,2002,2002-09-10,"4","2",0,2,0,0,0,0
"413","8","control",9,2003,2003-09-28,"4","2",0,2,0,0,0,0
"414","8","control",9,2004,2004-09-12,"4","2",0,3,1,0.333333333333333,0,0
"415","8","control",9,2005,2005-09-04,"4","2",0,5,0,0,0,0
"416","8","control",9,2006,2006-09-24,"4","2",0,2,2,1,0,0
"417","8","control",9,2007,2007-09-09,"4","2",0,4,1,0.25,0,0
"418","8","control",9,2008,2008-09-28,"4","2",0,2,0,0,0,0
"419","8","control",9,2010,2010-09-06,"4","2",0,3,0,0,0,0
"420","8","control",9,2012,2012-09-16,"4","3",0,8,0,0,0,0
"421","8","control",9,2013,2013-09-15,"4","3",0,5,0,0,0,0
"422","8","control",9,2014,2014-09-28,"4","3",0,3,0,0,0,0
"423","8","control",10,1995,1995-10-29,"4","2",0,5,1,0.2,0,0
"424","8","control",10,1999,1999-10-10,"4","2",0,2,1,0.5,0,0
"425","8","control",10,2002,2002-10-06,"4","2",0,2,0,0,0,0
"426","8","control",10,2003,2003-10-26,"4","2",0,1,0,0,0,0
"427","8","control",10,2004,2004-10-17,"4","2",0,5,0,0,0,0
"428","8","control",10,2005,2005-10-01,"4","2",0,6,1,0.166666666666667,0,0
"429","8","control",10,2006,2006-10-22,"4","2",0,2,1,0.5,0,0
"430","8","control",10,2007,2007-10-14,"4","2",0,1,0,0,0,0
"431","8","control",10,2011,2011-10-02,"4","3",0,7,1,0.142857142857143,0,0
"432","8","control",10,2011,2011-10-23,"4","3",0,7,0,0,0,0
"433","8","control",10,2012,2012-10-14,"4","3",0,6,0,0,0,0
"434","8","control",10,2014,2014-10-26,"4","3",0,1,0,0,0,0
"435","8","control",11,1999,1999-11-07,"4","2",0,3,0,0,0,0
"436","8","control",11,2002,2002-11-10,"4","2",0,1,0,0,0,0
"437","8","control",11,2005,2005-11-06,"4","2",0,2,0,0,0,0
"438","8","control",11,2006,2006-11-19,"4","2",0,6,0,0,0,0
"439","8","control",11,2010,2010-11-07,"4","2",0,2,0,0,0,0
"440","8","control",11,2012,2012-11-11,"4","3",0,3,0,0,0,0
"441","8","control",11,2013,2013-11-03,"4","3",0,3,0,0,0,0
"442","8","control",11,2014,2014-11-23,"4","3",0,1,0,0,0,0
"443","8","control",12,2006,2006-12-17,"1","2",0,1,0,0,0,0
"444","8","control",12,2012,2012-12-09,"1","3",0,1,0,0,0,0
"445","11","control",2,2007,2007-02-18,"1","2",0,3,0,0,0,0
"446","11","control",2,2012,2012-02-20,"1","3",0,1,0,0,0,0
"447","11","control",3,2002,2002-03-14,"2","2",0,1,0,0,0,0
"448","11","control",3,2005,2005-03-13,"2","2",0,1,0,0,0,0
"449","11","control",3,2007,2007-03-18,"2","2",0,3,0,0,0,0
"450","11","control",3,2012,2012-03-13,"2","3",0,1,0,0,0,0
"451","11","control",3,2014,2014-03-30,"2","3",0,2,0,0,0,0
"452","11","control",4,1993,1993-04-24,"2","1",0,1,0,0,0,0
"453","11","control",4,2000,2000-04-30,"2","2",0,1,0,0,0,0
"454","11","control",4,2002,2002-04-16,"2","2",250,1,0,0,31,61
"455","11","control",4,2005,2005-04-10,"2","2",0,1,1,1,0,0
"456","11","control",4,2006,2006-04-30,"2","2",0,1,0,0,0,0
"457","11","control",4,2007,2007-04-15,"2","2",0,4,2,0.5,0,0
"458","11","control",4,2009,2009-04-27,"2","2",0,1,0,0,0,0
"459","11","control",4,2010,2010-04-18,"2","2",0,1,0,0,0,0
"460","11","control",4,2011,2011-04-03,"2","3",0,1,0,0,0,0
"461","11","control",4,2012,2012-04-22,"2","3",0,3,0,0,0,0
"462","11","control",4,2013,2013-04-14,"2","3",0,3,0,0,0,0
"463","11","control",5,2002,2002-05-16,"2","2",0,1,0,0,0,0
"464","11","control",5,2003,2003-05-04,"2","2",0,1,1,1,0,0
"465","11","control",5,2003,2003-05-29,"2","2",0,2,1,0.5,0,0
"466","11","control",5,2004,2004-05-18,"2","2",0,3,3,1,0,0
"467","11","control",5,2005,2005-05-08,"2","2",0,2,2,1,0,0
"468","11","control",5,2007,2007-05-20,"2","2",0,4,2,0.5,0,0
"469","11","control",5,2009,2009-05-24,"2","2",0,1,0,0,0,0
"470","11","control",5,2010,2010-05-16,"2","2",0,1,1,1,0,0
"471","11","control",5,2011,2011-05-08,"2","3",0,2,0,0,0,0
"472","11","control",5,2011,2011-05-27,"2","3",0,3,1,0.333333333333333,0,0
"473","11","control",5,2013,2013-05-12,"2","3",0,2,0,0,0,0
"474","11","control",6,1998,1998-06-28,"3","2",0,1,0,0,0,0
"475","11","control",6,2002,2002-06-16,"3","2",0,2,1,0.5,0,0
"476","11","control",6,2003,2003-06-29,"3","2",0,6,0,0,0,0
"477","11","control",6,2004,2004-06-20,"3","2",0,4,3,0.75,0,0
"478","11","control",6,2005,2005-06-05,"3","2",0,1,1,1,0,0
"479","11","control",6,2007,2007-06-17,"3","2",0,3,1,0.333333333333333,0,0
"480","11","control",6,2008,2008-06-08,"3","2",0,1,0,0,0,0
"481","11","control",6,2008,2008-06-29,"3","2",0,2,1,0.5,0,0
"482","11","control",6,2009,2009-06-21,"3","2",0,2,0,0,0,0
"483","11","control",6,2012,2012-06-17,"3","3",0,5,1,0.2,0,0
"484","11","control",6,2014,2014-06-01,"3","3",0,5,2,0.4,0,0
"485","11","control",6,2014,2014-06-29,"3","3",0,10,4,0.4,0,0
"486","11","control",7,1998,1998-07-19,"3","2",0,2,1,0.5,0,0
"487","11","control",7,2000,2000-07-02,"3","2",0,1,0,0,0,0
"488","11","control",7,2002,2002-07-14,"3","2",0,2,0,0,0,0
"489","11","control",7,2003,2003-07-29,"3","2",0,5,0,0,0,0
"490","11","control",7,2004,2004-07-19,"3","2",0,4,0,0,0,0
"491","11","control",7,2005,2005-07-10,"3","2",0,2,0,0,0,0
"492","11","control",7,2006,2006-07-23,"3","2",0,2,1,0.5,0,0
"493","11","control",7,2007,2007-07-15,"3","2",0,4,0,0,0,0
"494","11","control",7,2009,2009-07-30,"3","2",0,2,0,0,0,0
"495","11","control",7,2010,2010-07-11,"3","2",0,2,0,0,0,0
"496","11","control",7,2011,2011-07-03,"3","3",0,3,0,0,0,0
"497","11","control",7,2012,2012-07-29,"3","3",0,5,0,0,0,0
"498","11","control",7,2013,2013-07-07,"3","3",0,4,0,0,0,0
"499","11","control",8,1996,1996-08-15,"3","2",0,1,0,0,0,0
"500","11","control",8,1998,1998-08-23,"3","2",0,2,0,0,0,0
"501","11","control",8,2001,2001-08-26,"3","2",0,2,0,0,0,0
"502","11","control",8,2003,2003-08-24,"3","2",0,4,0,0,0,0
"503","11","control",8,2004,2004-08-20,"3","2",0,1,0,0,0,0
"504","11","control",8,2005,2005-08-07,"3","2",0,3,0,0,0,0
"505","11","control",8,2008,2008-08-31,"3","2",0,2,0,0,0,0
"506","11","control",8,2009,2009-08-23,"3","2",0,1,0,0,0,0
"507","11","control",8,2011,2011-08-07,"3","3",0,2,0,0,0,0
"508","11","control",8,2011,2011-08-28,"3","3",0,5,2,0.4,0,0
"509","11","control",8,2012,2012-08-19,"3","3",0,4,0,0,0,0
"510","11","control",8,2014,2014-08-03,"3","3",0,5,0,0,0,0
"511","11","control",8,2014,2014-08-31,"3","3",0,14,0,0,0,0
"512","11","control",9,1998,1998-09-21,"4","2",0,1,1,1,0,0
"513","11","control",9,1999,1999-09-12,"4","2",0,1,1,1,0,0
"514","11","control",9,2001,2001-09-23,"4","2",0,1,0,0,0,0
"515","11","control",9,2003,2003-09-28,"4","2",0,1,0,0,0,0
"516","11","control",9,2004,2004-09-12,"4","2",0,2,0,0,0,0
"517","11","control",9,2005,2005-09-04,"4","2",0,3,0,0,0,0
"518","11","control",9,2006,2006-09-24,"4","2",0,1,1,1,0,0
"519","11","control",9,2007,2007-09-09,"4","2",0,5,0,0,0,0
"520","11","control",9,2010,2010-09-06,"4","2",0,6,1,0.166666666666667,0,0
"521","11","control",9,2012,2012-09-16,"4","3",0,4,0,0,0,0
"522","11","control",9,2013,2013-09-15,"4","3",0,5,1,0.2,0,0
"523","11","control",9,2014,2014-09-28,"4","3",0,4,0,0,0,0
"524","11","control",10,2001,2001-10-14,"4","2",0,1,0,0,0,0
"525","11","control",10,2002,2002-10-06,"4","2",0,1,0,0,0,0
"526","11","control",10,2004,2004-10-17,"4","2",0,1,0,0,0,0
"527","11","control",10,2005,2005-10-01,"4","2",0,1,0,0,0,0
"528","11","control",10,2006,2006-10-22,"4","2",0,4,2,0.5,0,0
"529","11","control",10,2007,2007-10-14,"4","2",0,3,0,0,0,0
"530","11","control",10,2011,2011-10-02,"4","3",0,3,1,0.333333333333333,0,0
"531","11","control",10,2011,2011-10-23,"4","3",0,5,1,0.2,0,0
"532","11","control",10,2012,2012-10-14,"4","3",0,4,0,0,0,0
"533","11","control",10,2014,2014-10-26,"4","3",0,6,0,0,0,0
"534","11","control",11,2006,2006-11-19,"4","2",0,7,0,0,0,0
"535","11","control",11,2012,2012-11-11,"4","3",0,1,0,0,0,0
"536","11","control",11,2014,2014-11-23,"4","3",0,1,0,0,0,0
"537","11","control",12,2006,2006-12-17,"1","2",0,4,0,0,0,0
"538","12","control",1,2005,2005-01-15,"1","2",279,1,0,0,0,0
"539","12","control",2,2007,2007-02-17,"1","2",299,2,0,0,129,234
"540","12","control",2,2010,2010-02-13,"1","2",335,1,0,0,0,0
"541","12","control",3,2000,2000-03-04,"2","2",0,1,0,0,0,0
"542","12","control",3,2003,2003-03-29,"2","2",261,3,0,0,71,183
"543","12","control",3,2005,2005-03-12,"2","2",0,1,0,0,0,0
"544","12","control",3,2007,2007-03-17,"2","2",300,4,0,0,111,309
"545","12","control",3,2012,2012-03-12,"2","3",354,1,0,0,0,0
"546","12","control",3,2014,2014-03-29,"2","3",374,1,0,0,34,175
"547","12","control",4,1991,1991-04-19,"2","1",131,1,0,0,0,0
"548","12","control",4,1996,1996-04-14,"2","2",192,1,0,0,0,0
"549","12","control",4,1997,1997-04-12,"2","2",203,3,0,0,23,23
"550","12","control",4,2001,2001-04-21,"2","2",242,2,1,0.5,0,0
"551","12","control",4,2002,2002-04-16,"2","2",250,4,0,0,0,0
"552","12","control",4,2005,2005-04-09,"2","2",280,2,0,0,0,0
"553","12","control",4,2006,2006-04-29,"2","2",292,2,1,0.5,0,85
"554","12","control",4,2007,2007-04-14,"2","2",301,5,1,0.2,70,310
"555","12","control",4,2009,2009-04-26,"2","2",325,2,0,0,0,0
"556","12","control",4,2012,2012-04-21,"2","3",355,4,3,0.75,0,0
"557","12","control",4,2013,2013-04-13,"2","3",366,2,0,0,34,106
"558","12","control",4,2014,2014-04-26,"2","3",375,2,1,0.5,0,108
"559","12","control",5,1983,1983-05-14,"2","1",41,1,0,0,0,0
"560","12","control",5,1985,1985-05-23,"2","1",62,1,0,0,0,0
"561","12","control",5,1997,1997-05-10,"2","2",204,2,1,0.5,0,23
"562","12","control",5,2002,2002-05-15,"2","2",251,2,1,0.5,0,0
"563","12","control",5,2003,2003-05-03,"2","2",262,4,3,0.75,38,140
"564","12","control",5,2003,2003-05-28,"2","2",263,3,1,0.333333333333333,53,162
"565","12","control",5,2005,2005-05-07,"2","2",0,2,0,0,0,0
"566","12","control",5,2006,2006-05-27,"2","2",293,4,1,0.25,0,41
"567","12","control",5,2007,2007-05-19,"2","2",302,4,3,0.75,123,304
"568","12","control",5,2008,2008-05-03,"2","2",313,1,0,0,28,127
"569","12","control",5,2009,2009-05-23,"2","2",326,1,0,0,0,0
"570","12","control",5,2011,2011-05-07,"2","3",346,1,0,0,0,0
"571","12","control",5,2011,2011-05-26,"2","3",0,2,1,0.5,0,0
"572","12","control",5,2013,2013-05-11,"2","3",367,1,0,0,36,106
"573","12","control",5,2014,2014-05-31,"2","3",376,1,0,0,0,34
"574","12","control",6,1983,1983-06-17,"3","1",42,1,0,0,0,0
"575","12","control",6,1995,1995-06-07,"3","2",181,1,0,0,0,0
"576","12","control",6,1996,1996-06-13,"3","2",194,1,1,1,0,0
"577","12","control",6,1997,1997-06-10,"3","2",0,2,2,1,0,0
"578","12","control",6,2000,2000-06-03,"3","2",235,1,0,0,72,259
"579","12","control",6,2002,2002-06-15,"3","2",252,3,1,0.333333333333333,0,0
"580","12","control",6,2003,2003-06-28,"3","2",264,3,2,0.666666666666667,67,158
"581","12","control",6,2005,2005-06-04,"3","2",281,2,0,0,0,0
"582","12","control",6,2007,2007-06-16,"3","2",303,7,0,0,151,344
"583","12","control",6,2008,2008-06-07,"3","2",314,2,0,0,32,95
"584","12","control",6,2008,2008-06-28,"3","2",315,1,0,0,35,95
"585","12","control",6,2009,2009-06-20,"3","2",327,2,0,0,0,0
"586","12","control",6,2012,2012-06-16,"3","3",356,4,0,0,0,0
"587","12","control",6,2014,2014-06-28,"3","3",377,5,0,0,0,0
"588","12","control",7,1983,1983-07-16,"3","1",43,1,0,0,0,0
"589","12","control",7,1995,1995-07-20,"3","2",183,3,0,0,0,0
"590","12","control",7,1996,1996-07-20,"3","2",195,1,1,1,0,0
"591","12","control",7,1997,1997-07-10,"3","2",0,3,2,0.666666666666667,0,0
"592","12","control",7,1997,1997-07-29,"3","2",207,2,0,0,0,0
"593","12","control",7,1998,1998-07-18,"3","2",217,1,1,1,0,0
"594","12","control",7,2000,2000-07-01,"3","2",236,2,1,0.5,69,228
"595","12","control",7,2002,2002-07-13,"3","2",253,3,0,0,57,57
"596","12","control",7,2003,2003-07-28,"3","2",265,3,0,0,69,189
"597","12","control",7,2004,2004-07-18,"3","2",0,2,1,0.5,0,0
"598","12","control",7,2005,2005-07-09,"3","2",282,2,0,0,0,0
"599","12","control",7,2006,2006-07-22,"3","2",294,3,2,0.666666666666667,27,27
"600","12","control",7,2007,2007-07-14,"3","2",304,10,0,0,155,429
"601","12","control",7,2008,2008-07-26,"3","2",316,4,0,0,0,67
"602","12","control",7,2011,2011-07-02,"3","3",347,3,1,0.333333333333333,0,0
"603","12","control",7,2012,2012-07-28,"3","3",357,8,0,0,35,35
"604","12","control",7,2013,2013-07-06,"3","3",368,4,0,0,38,108
"605","12","control",8,1995,1995-08-26,"3","2",184,2,1,0.5,0,0
"606","12","control",8,1996,1996-08-14,"3","2",196,2,0,0,0,0
"607","12","control",8,2000,2000-08-25,"3","2",237,3,0,0,0,141
"608","12","control",8,2001,2001-08-25,"3","2",244,4,1,0.25,0,0
"609","12","control",8,2003,2003-08-23,"3","2",266,2,0,0,43,179
"610","12","control",8,2004,2004-08-19,"3","2",275,1,0,0,0,0
"611","12","control",8,2005,2005-08-06,"3","2",283,7,0,0,37,37
"612","12","control",8,2008,2008-08-30,"3","2",317,3,0,0,0,35
"613","12","control",8,2009,2009-08-22,"3","2",329,1,1,1,0,0
"614","12","control",8,2011,2011-08-06,"3","3",348,1,0,0,0,0
"615","12","control",8,2011,2011-08-27,"3","3",349,3,1,0.333333333333333,0,0
"616","12","control",8,2012,2012-08-18,"3","3",358,6,0,0,0,35
"617","12","control",8,2014,2014-08-02,"3","3",378,2,0,0,0,0
"618","12","control",8,2014,2014-08-30,"3","3",379,7,0,0,0,0
"619","12","control",9,2000,2000-09-30,"4","2",238,1,0,0,31.87351518,100.87351518
"620","12","control",9,2001,2001-09-22,"4","2",245,3,0,0,0,0
"621","12","control",9,2003,2003-09-27,"4","2",267,1,0,0,62,174
"622","12","control",9,2004,2004-09-11,"4","2",276,2,0,0,0,0
"623","12","control",9,2005,2005-09-03,"4","2",284,5,0,0,0,37
"624","12","control",9,2005,2005-09-30,"4","2",285,2,0,0,0,37
"625","12","control",9,2006,2006-09-23,"4","2",295,3,3,1,0,27
"626","12","control",9,2007,2007-09-08,"4","2",305,11,0,0,137,443
"627","12","control",9,2008,2008-09-27,"4","2",318,3,0,0,0,0
"628","12","control",9,2009,2009-09-19,"4","2",330,1,0,0,0,0
"629","12","control",9,2010,2010-09-05,"4","2",340,2,0,0,0,0
"630","12","control",9,2012,2012-09-15,"4","3",359,3,0,0,33,68
"631","12","control",9,2013,2013-09-14,"4","3",369,2,1,0.5,40,114
"632","12","control",9,2014,2014-09-27,"4","3",380,4,0,0,0,0
"633","12","control",10,1995,1995-10-28,"4","2",186,1,0,0,0,0
"634","12","control",10,1999,1999-10-09,"4","2",229,1,0,0,0,32
"635","12","control",10,2001,2001-10-13,"4","2",246,1,0,0,0,0
"636","12","control",10,2002,2002-10-05,"4","2",255,3,0,0,26,83
"637","12","control",10,2004,2004-10-16,"4","2",277,1,0,0,0,0
"638","12","control",10,2006,2006-10-21,"4","2",296,2,0,0,0,27
"639","12","control",10,2007,2007-10-13,"4","2",306,2,0,0,123,415
"640","12","control",10,2011,2011-10-01,"4","3",350,3,0,0,0,0
"641","12","control",10,2011,2011-10-22,"4","3",351,4,1,0.25,0,0
"642","12","control",10,2012,2012-10-13,"4","3",360,3,0,0,32,65
"643","12","control",10,2014,2014-10-25,"4","3",381,4,0,0,30,30
"644","12","control",11,2006,2006-11-18,"4","2",297,8,1,0.125,36,36
"645","12","control",11,2007,2007-11-10,"4","2",307,1,0,0,70,330
"646","12","control",11,2013,2013-11-02,"4","3",370,1,0,0,40,118
"647","12","control",11,2014,2014-11-22,"4","3",382,2,0,0,0,30
"648","12","control",12,2004,2004-12-11,"1","2",278,1,0,0,0,0
"649","12","control",12,2006,2006-12-16,"1","2",298,7,2,0.285714285714286,69,105
"650","14","control",2,2000,2000-02-06,"1","2",0,2,0,0,0,0
"651","14","control",2,2007,2007-02-18,"1","2",0,3,0,0,0,0
"652","14","control",3,1996,1996-03-24,"2","2",0,1,0,0,0,0
"653","14","control",3,2001,2001-03-25,"2","2",0,1,0,0,0,0
"654","14","control",3,2007,2007-03-18,"2","2",0,6,1,0.166666666666667,0,0
"655","14","control",3,2014,2014-03-30,"2","3",0,2,0,0,0,0
"656","14","control",4,2006,2006-04-30,"2","2",0,3,0,0,0,0
"657","14","control",4,2007,2007-04-15,"2","2",0,4,0,0,0,0
"658","14","control",4,2008,2008-04-07,"2","2",0,1,0,0,0,0
"659","14","control",4,2009,2009-04-27,"2","2",0,2,0,0,0,0
"660","14","control",4,2012,2012-04-22,"2","3",0,1,0,0,0,0
"661","14","control",4,2013,2013-04-14,"2","3",0,1,0,0,0,0
"662","14","control",4,2014,2014-04-27,"2","3",0,2,1,0.5,0,0
"663","14","control",5,1998,1998-05-29,"2","2",0,1,1,1,0,0
"664","14","control",5,2003,2003-05-04,"2","2",0,1,0,0,0,0
"665","14","control",5,2003,2003-05-29,"2","2",0,2,0,0,0,0
"666","14","control",5,2004,2004-05-18,"2","2",0,1,0,0,0,0
"667","14","control",5,2006,2006-05-28,"2","2",0,5,0,0,0,0
"668","14","control",5,2007,2007-05-20,"2","2",0,6,2,0.333333333333333,0,0
"669","14","control",5,2008,2008-05-04,"2","2",0,2,0,0,0,0
"670","14","control",5,2011,2011-05-08,"2","3",0,3,1,0.333333333333333,0,0
"671","14","control",5,2011,2011-05-27,"2","3",0,1,1,1,0,0
"672","14","control",5,2013,2013-05-12,"2","3",0,2,0,0,0,0
"673","14","control",6,1995,1995-06-08,"3","2",0,1,0,0,0,0
"674","14","control",6,1996,1996-06-14,"3","2",0,2,0,0,0,0
"675","14","control",6,2003,2003-06-29,"3","2",0,4,2,0.5,0,0
"676","14","control",6,2004,2004-06-20,"3","2",0,1,1,1,0,0
"677","14","control",6,2005,2005-06-05,"3","2",0,1,0,0,0,0
"678","14","control",6,2007,2007-06-17,"3","2",0,5,0,0,0,0
"679","14","control",6,2008,2008-06-08,"3","2",0,2,1,0.5,0,0
"680","14","control",6,2008,2008-06-29,"3","2",0,6,0,0,0,0
"681","14","control",6,2012,2012-06-17,"3","3",0,5,0,0,0,0
"682","14","control",6,2014,2014-06-01,"3","3",0,3,1,0.333333333333333,0,0
"683","14","control",6,2014,2014-06-29,"3","3",0,7,1,0.142857142857143,0,0
"684","14","control",7,1997,1997-07-09,"3","2",206,1,0,0,0,25
"685","14","control",7,2000,2000-07-02,"3","2",0,2,1,0.5,0,0
"686","14","control",7,2002,2002-07-14,"3","2",0,1,0,0,0,0
"687","14","control",7,2003,2003-07-29,"3","2",0,3,0,0,0,0
"688","14","control",7,2005,2005-07-10,"3","2",0,4,1,0.25,0,0
"689","14","control",7,2006,2006-07-23,"3","2",0,5,2,0.4,0,0
"690","14","control",7,2007,2007-07-15,"3","2",0,7,0,0,0,0
"691","14","control",7,2009,2009-07-30,"3","2",0,1,1,1,0,0
"692","14","control",7,2010,2010-07-11,"3","2",0,1,0,0,0,0
"693","14","control",7,2011,2011-07-03,"3","3",0,1,0,0,0,0
"694","14","control",7,2012,2012-07-29,"3","3",0,6,0,0,0,0
"695","14","control",7,2013,2013-07-07,"3","3",0,2,0,0,0,0
"696","14","control",8,1992,1992-08-30,"3","1",0,1,0,0,0,0
"697","14","control",8,2000,2000-08-26,"3","2",0,2,0,0,0,0
"698","14","control",8,2001,2001-08-26,"3","2",0,2,0,0,0,0
"699","14","control",8,2003,2003-08-24,"3","2",0,2,0,0,0,0
"700","14","control",8,2004,2004-08-20,"3","2",0,2,0,0,0,0
"701","14","control",8,2005,2005-08-07,"3","2",0,2,0,0,0,0
"702","14","control",8,2008,2008-08-31,"3","2",0,3,0,0,0,0
"703","14","control",8,2011,2011-08-07,"3","3",0,2,0,0,0,0
"704","14","control",8,2011,2011-08-28,"3","3",0,3,1,0.333333333333333,0,0
"705","14","control",8,2012,2012-08-19,"3","3",0,6,0,0,0,0
"706","14","control",8,2014,2014-08-03,"3","3",0,6,0,0,0,0
"707","14","control",8,2014,2014-08-31,"3","3",0,6,0,0,0,0
"708","14","control",9,2004,2004-09-12,"4","2",0,1,0,0,0,0
"709","14","control",9,2005,2005-09-04,"4","2",0,5,0,0,0,0
"710","14","control",9,2007,2007-09-09,"4","2",0,2,0,0,0,0
"711","14","control",9,2008,2008-09-28,"4","2",0,2,0,0,0,0
"712","14","control",9,2010,2010-09-06,"4","2",0,3,1,0.333333333333333,0,0
"713","14","control",9,2012,2012-09-16,"4","3",0,3,0,0,0,0
"714","14","control",9,2013,2013-09-15,"4","3",0,4,2,0.5,0,0
"715","14","control",9,2014,2014-09-28,"4","3",0,6,0,0,0,0
"716","14","control",10,2004,2004-10-17,"4","2",0,1,0,0,0,0
"717","14","control",10,2005,2005-10-01,"4","2",0,4,0,0,0,0
"718","14","control",10,2006,2006-10-22,"4","2",0,7,1,0.142857142857143,0,0
"719","14","control",10,2007,2007-10-14,"4","2",0,1,0,0,0,0
"720","14","control",10,2011,2011-10-02,"4","3",0,2,0,0,0,0
"721","14","control",10,2011,2011-10-23,"4","3",0,3,0,0,0,0
"722","14","control",10,2012,2012-10-14,"4","3",0,4,0,0,0,0
"723","14","control",10,2014,2014-10-26,"4","3",0,2,0,0,0,0
"724","14","control",11,2005,2005-11-06,"4","2",0,1,0,0,0,0
"725","14","control",11,2006,2006-11-19,"4","2",0,9,1,0.111111111111111,0,0
"726","14","control",11,2012,2012-11-11,"4","3",0,1,0,0,0,0
"727","14","control",11,2013,2013-11-03,"4","3",0,1,0,0,0,0
"728","14","control",12,1999,1999-12-06,"1","2",0,1,0,0,0,0
"729","14","control",12,2006,2006-12-17,"1","2",0,7,1,0.142857142857143,0,0
"730","15","exclosure",1,2006,2006-01-08,"1","2",0,1,0,0,0,0
"731","15","exclosure",2,2007,2007-02-18,"1","2",0,4,0,0,0,0
"732","15","exclosure",2,2010,2010-02-14,"1","2",0,1,0,0,0,0
"733","15","exclosure",3,2002,2002-03-14,"2","2",0,1,0,0,0,0
"734","15","exclosure",3,2007,2007-03-18,"2","2",0,4,2,0.5,0,0
"735","15","exclosure",3,2009,2009-03-22,"2","2",0,1,0,0,0,0
"736","15","exclosure",3,2014,2014-03-02,"2","3",0,1,0,0,0,0
"737","15","exclosure",3,2014,2014-03-30,"2","3",0,2,0,0,0,0
"738","15","exclosure",4,1996,1996-04-15,"2","2",0,1,1,1,0,0
"739","15","exclosure",4,1997,1997-04-13,"2","2",0,1,1,1,0,0
"740","15","exclosure",4,2000,2000-04-30,"2","2",0,2,1,0.5,0,0
"741","15","exclosure",4,2002,2002-04-17,"2","2",0,2,0,0,0,0
"742","15","exclosure",4,2005,2005-04-10,"2","2",0,1,1,1,0,0
"743","15","exclosure",4,2007,2007-04-15,"2","2",0,3,1,0.333333333333333,0,0
"744","15","exclosure",4,2009,2009-04-27,"2","2",0,1,0,0,0,0
"745","15","exclosure",4,2010,2010-04-18,"2","2",0,1,0,0,0,0
"746","15","exclosure",4,2012,2012-04-22,"2","3",0,2,2,1,0,0
"747","15","exclosure",4,2014,2014-04-27,"2","3",0,2,2,1,0,0
"748","15","exclosure",5,1997,1997-05-11,"2","2",0,2,0,0,0,0
"749","15","exclosure",5,1998,1998-05-03,"2","2",0,1,0,0,0,0
"750","15","exclosure",5,2001,2001-05-27,"2","2",0,1,1,1,0,0
"751","15","exclosure",5,2002,2002-05-16,"2","2",0,3,2,0.666666666666667,0,0
"752","15","exclosure",5,2006,2006-05-28,"2","2",0,1,0,0,0,0
"753","15","exclosure",5,2007,2007-05-20,"2","2",0,4,0,0,0,0
"754","15","exclosure",5,2008,2008-05-04,"2","2",0,1,1,1,0,0
"755","15","exclosure",5,2009,2009-05-24,"2","2",0,1,1,1,0,0
"756","15","exclosure",5,2011,2011-05-08,"2","3",0,1,0,0,0,0
"757","15","exclosure",5,2013,2013-05-12,"2","3",0,3,0,0,0,0
"758","15","exclosure",6,1993,1993-06-19,"3","1",0,1,0,0,0,0
"759","15","exclosure",6,1996,1996-06-14,"3","2",0,2,2,1,0,0
"760","15","exclosure",6,1997,1997-06-11,"3","2",0,3,1,0.333333333333333,0,0
"761","15","exclosure",6,1999,1999-06-13,"3","2",0,1,0,0,0,0
"762","15","exclosure",6,2000,2000-06-04,"3","2",0,2,1,0.5,0,0
"763","15","exclosure",6,2002,2002-06-16,"3","2",0,1,1,1,0,0
"764","15","exclosure",6,2003,2003-06-29,"3","2",0,2,1,0.5,0,0
"765","15","exclosure",6,2005,2005-06-05,"3","2",0,1,0,0,0,0
"766","15","exclosure",6,2007,2007-06-17,"3","2",0,5,0,0,0,0
"767","15","exclosure",6,2008,2008-06-08,"3","2",0,2,1,0.5,0,0
"768","15","exclosure",6,2008,2008-06-29,"3","2",0,2,0,0,0,0
"769","15","exclosure",6,2009,2009-06-21,"3","2",0,2,1,0.5,0,0
"770","15","exclosure",6,2012,2012-06-17,"3","3",0,4,3,0.75,0,0
"771","15","exclosure",6,2014,2014-06-01,"3","3",0,3,1,0.333333333333333,0,0
"772","15","exclosure",6,2014,2014-06-29,"3","3",0,6,2,0.333333333333333,0,0
"773","15","exclosure",7,1996,1996-07-21,"3","2",0,1,0,0,0,0
"774","15","exclosure",7,1997,1997-07-09,"3","2",206,2,0,0,49,93
"775","15","exclosure",7,1997,1997-07-30,"3","2",0,2,0,0,0,0
"776","15","exclosure",7,2000,2000-07-02,"3","2",0,2,0,0,0,0
"777","15","exclosure",7,2002,2002-07-14,"3","2",0,2,1,0.5,0,0
"778","15","exclosure",7,2003,2003-07-29,"3","2",0,1,0,0,0,0
"779","15","exclosure",7,2004,2004-07-19,"3","2",0,1,0,0,0,0
"780","15","exclosure",7,2006,2006-07-23,"3","2",0,2,0,0,0,0
"781","15","exclosure",7,2007,2007-07-15,"3","2",0,8,0,0,0,0
"782","15","exclosure",7,2009,2009-07-30,"3","2",0,1,0,0,0,0
"783","15","exclosure",7,2010,2010-07-11,"3","2",0,1,1,1,0,0
"784","15","exclosure",7,2011,2011-07-03,"3","3",0,1,0,0,0,0
"785","15","exclosure",7,2012,2012-07-29,"3","3",0,6,0,0,0,0
"786","15","exclosure",7,2013,2013-07-07,"3","3",0,7,0,0,0,0
"787","15","exclosure",8,1993,1993-08-20,"3","1",0,1,1,1,0,0
"788","15","exclosure",8,1996,1996-08-15,"3","2",0,1,0,0,0,0
"789","15","exclosure",8,2000,2000-08-26,"3","2",0,2,0,0,0,0
"790","15","exclosure",8,2001,2001-08-26,"3","2",0,1,0,0,0,0
"791","15","exclosure",8,2005,2005-08-07,"3","2",0,4,0,0,0,0
"792","15","exclosure",8,2008,2008-08-31,"3","2",0,3,0,0,0,0
"793","15","exclosure",8,2009,2009-08-23,"3","2",0,1,0,0,0,0
"794","15","exclosure",8,2011,2011-08-07,"3","3",0,2,0,0,0,0
"795","15","exclosure",8,2011,2011-08-28,"3","3",0,4,3,0.75,0,0
"796","15","exclosure",8,2012,2012-08-19,"3","3",0,6,0,0,0,0
"797","15","exclosure",8,2014,2014-08-03,"3","3",0,3,0,0,0,0
"798","15","exclosure",8,2014,2014-08-31,"3","3",0,5,0,0,0,0
"799","15","exclosure",9,1993,1993-09-17,"4","1",0,1,0,0,0,0
"800","15","exclosure",9,1994,1994-09-07,"4","1",0,1,0,0,0,0
"801","15","exclosure",9,1995,1995-09-24,"4","2",0,2,0,0,0,0
"802","15","exclosure",9,2001,2001-09-23,"4","2",0,2,1,0.5,0,0
"803","15","exclosure",9,2003,2003-09-28,"4","2",0,1,0,0,0,0
"804","15","exclosure",9,2005,2005-09-04,"4","2",0,3,0,0,0,0
"805","15","exclosure",9,2006,2006-09-24,"4","2",0,2,2,1,0,0
"806","15","exclosure",9,2007,2007-09-09,"4","2",0,5,0,0,0,0
"807","15","exclosure",9,2008,2008-09-28,"4","2",0,2,0,0,0,0
"808","15","exclosure",9,2010,2010-09-06,"4","2",0,1,0,0,0,0
"809","15","exclosure",9,2012,2012-09-16,"4","3",0,3,0,0,0,0
"810","15","exclosure",9,2013,2013-09-15,"4","3",0,5,0,0,0,0
"811","15","exclosure",9,2014,2014-09-28,"4","3",0,4,0,0,0,0
"812","15","exclosure",10,1993,1993-10-16,"4","1",0,1,0,0,0,0
"813","15","exclosure",10,1999,1999-10-10,"4","2",0,1,0,0,0,0
"814","15","exclosure",10,2000,2000-10-01,"4","2",0,1,1,1,0,0
"815","15","exclosure",10,2001,2001-10-14,"4","2",0,1,0,0,0,0
"816","15","exclosure",10,2002,2002-10-06,"4","2",0,2,0,0,0,0
"817","15","exclosure",10,2005,2005-10-01,"4","2",0,2,0,0,0,0
"818","15","exclosure",10,2006,2006-10-22,"4","2",0,6,2,0.333333333333333,0,0
"819","15","exclosure",10,2007,2007-10-14,"4","2",0,2,0,0,0,0
"820","15","exclosure",10,2008,2008-10-27,"4","2",0,1,0,0,0,0
"821","15","exclosure",10,2011,2011-10-02,"4","3",0,5,1,0.2,0,0
"822","15","exclosure",10,2011,2011-10-23,"4","3",0,4,0,0,0,0
"823","15","exclosure",10,2012,2012-10-14,"4","3",0,2,0,0,0,0
"824","15","exclosure",10,2014,2014-10-26,"4","3",0,1,0,0,0,0
"825","15","exclosure",11,1999,1999-11-07,"4","2",0,1,0,0,0,0
"826","15","exclosure",11,2005,2005-11-06,"4","2",0,1,0,0,0,0
"827","15","exclosure",11,2006,2006-11-19,"4","2",0,5,0,0,0,0
"828","15","exclosure",11,2014,2014-11-23,"4","3",0,1,0,0,0,0
"829","15","exclosure",12,1999,1999-12-06,"1","2",0,1,0,0,0,0
"830","15","exclosure",12,2006,2006-12-17,"1","2",0,4,0,0,0,0
"831","17","control",1,2005,2005-01-15,"1","2",279,1,0,0,82,281
"832","17","control",1,2006,2006-01-28,"1","2",289,1,0,0,25,142
"833","17","control",1,2012,2012-01-21,"1","3",352,1,0,0,0,0
"834","17","control",2,2002,2002-02-09,"1","2",248,1,0,0,78,223
"835","17","control",2,2007,2007-02-17,"1","2",299,2,0,0,143,233
"836","17","control",3,1996,1996-03-23,"2","2",191,1,0,0,0,0
"837","17","control",3,2003,2003-03-29,"2","2",261,1,0,0,169,693
"838","17","control",3,2005,2005-03-12,"2","2",0,1,0,0,0,0
"839","17","control",3,2006,2006-03-04,"2","2",290,1,0,0,26,109
"840","17","control",3,2006,2006-03-25,"2","2",291,1,0,0,0,51
"841","17","control",3,2007,2007-03-17,"2","2",300,4,0,0,144,338
"842","17","control",3,2013,2013-03-13,"2","3",365,1,0,0,0,0
"843","17","control",3,2014,2014-03-01,"2","3",373,1,0,0,44,88
"844","17","control",4,1993,1993-04-23,"2","1",155,1,0,0,0,0
"845","17","control",4,2000,2000-04-29,"2","2",234,1,1,1,0,69
"846","17","control",4,2001,2001-04-21,"2","2",242,1,1,1,0,0
"847","17","control",4,2002,2002-04-17,"2","2",0,1,0,0,0,0
"848","17","control",4,2005,2005-04-09,"2","2",280,3,3,1,107,287
"849","17","control",4,2006,2006-04-29,"2","2",292,4,1,0.25,0,26
"850","17","control",4,2007,2007-04-14,"2","2",301,4,1,0.25,179,466
"851","17","control",4,2008,2008-04-06,"2","2",312,1,0,0,58,215
"852","17","control",4,2009,2009-04-26,"2","2",325,1,0,0,0,0
"853","17","control",4,2010,2010-04-17,"2","2",337,1,0,0,0,0
"854","17","control",4,2012,2012-04-21,"2","3",355,3,0,0,0,0
"855","17","control",4,2013,2013-04-13,"2","3",366,1,0,0,0,0
"856","17","control",4,2014,2014-04-26,"2","3",375,4,2,0.5,0,88
"857","17","control",5,1993,1993-05-22,"2","1",156,1,0,0,0,0
"858","17","control",5,2001,2001-05-26,"2","2",243,1,1,1,29,29
"859","17","control",5,2002,2002-05-15,"2","2",251,1,0,0,80,163
"860","17","control",5,2003,2003-05-03,"2","2",262,2,0,0,170,612
"861","17","control",5,2003,2003-05-28,"2","2",263,2,1,0.5,209,548
"862","17","control",5,2005,2005-05-07,"2","2",0,2,0,0,0,0
"863","17","control",5,2006,2006-05-27,"2","2",293,2,2,1,0,0
"864","17","control",5,2007,2007-05-19,"2","2",302,3,1,0.333333333333333,189,512
"865","17","control",5,2008,2008-05-03,"2","2",313,5,0,0,24,165
"866","17","control",5,2009,2009-05-23,"2","2",326,1,0,0,15,15
"867","17","control",5,2011,2011-05-07,"2","3",346,2,0,0,0,0
"868","17","control",5,2011,2011-05-26,"2","3",0,2,0,0,0,0
"869","17","control",5,2013,2013-05-11,"2","3",367,3,0,0,0,0
"870","17","control",5,2014,2014-05-31,"2","3",376,3,1,0.333333333333333,0,44
"871","17","control",6,1993,1993-06-18,"3","1",157,1,0,0,0,0
"872","17","control",6,1998,1998-06-27,"3","2",216,2,1,0.5,0,0
"873","17","control",6,1999,1999-06-12,"3","2",227,1,0,0,0,0
"874","17","control",6,2000,2000-06-03,"3","2",235,1,0,0,0,38
"875","17","control",6,2002,2002-06-15,"3","2",252,2,1,0.5,182,309
"876","17","control",6,2003,2003-06-28,"3","2",264,3,1,0.333333333333333,210,589
"877","17","control",6,2007,2007-06-16,"3","2",303,8,3,0.375,150,518
"878","17","control",6,2008,2008-06-07,"3","2",314,4,1,0.25,28,110
"879","17","control",6,2008,2008-06-28,"3","2",315,3,1,0.333333333333333,28,80
"880","17","control",6,2009,2009-06-20,"3","2",327,3,1,0.333333333333333,11,26
"881","17","control",6,2012,2012-06-16,"3","3",356,7,2,0.285714285714286,0,0
"882","17","control",6,2014,2014-06-28,"3","3",377,12,1,0.0833333333333333,0,0
"883","17","control",7,1997,1997-07-10,"3","2",0,1,0,0,0,0
"884","17","control",7,1998,1998-07-18,"3","2",217,1,1,1,22,22
"885","17","control",7,2000,2000-07-01,"3","2",236,2,0,0,0,0
"886","17","control",7,2002,2002-07-13,"3","2",253,3,0,0,139,401
"887","17","control",7,2003,2003-07-28,"3","2",265,1,0,0,181,600
"888","17","control",7,2004,2004-07-18,"3","2",0,2,1,0.5,0,0
"889","17","control",7,2005,2005-07-09,"3","2",282,1,0,0,0,144
"890","17","control",7,2006,2006-07-22,"3","2",294,4,0,0,0,0
"891","17","control",7,2007,2007-07-14,"3","2",304,10,3,0.3,216,555
"892","17","control",7,2008,2008-07-26,"3","2",316,1,1,1,0,56
"893","17","control",7,2009,2009-07-29,"3","2",328,3,0,0,0,26
"894","17","control",7,2010,2010-07-10,"3","2",339,2,0,0,0,0
"895","17","control",7,2012,2012-07-28,"3","3",357,14,0,0,0,0
"896","17","control",7,2013,2013-07-06,"3","3",368,5,0,0,0,0
"897","17","control",8,1995,1995-08-26,"3","2",184,1,0,0,0,0
"898","17","control",8,1998,1998-08-22,"3","2",218,1,0,0,0,22
"899","17","control",8,2000,2000-08-25,"3","2",237,1,0,0,0,0
"900","17","control",8,2001,2001-08-25,"3","2",244,1,0,0,137,166
"901","17","control",8,2004,2004-08-19,"3","2",275,2,0,0,31,107
"902","17","control",8,2005,2005-08-06,"3","2",283,5,0,0,68,105
"903","17","control",8,2008,2008-08-30,"3","2",317,1,0,0,0,28
"904","17","control",8,2009,2009-08-22,"3","2",329,1,0,0,0,11
"905","17","control",8,2011,2011-08-06,"3","3",348,5,0,0,0,0
"906","17","control",8,2011,2011-08-27,"3","3",349,3,0,0,0,0
"907","17","control",8,2012,2012-08-18,"3","3",358,8,0,0,0,0
"908","17","control",8,2014,2014-08-02,"3","3",378,4,1,0.25,0,0
"909","17","control",8,2014,2014-08-30,"3","3",379,10,0,0,0,0
"910","17","control",9,1995,1995-09-23,"4","2",185,1,0,0,0,0
"911","17","control",9,2001,2001-09-22,"4","2",245,1,1,1,103,269
"912","17","control",9,2004,2004-09-11,"4","2",276,4,1,0.25,0,75
"913","17","control",9,2005,2005-09-03,"4","2",284,8,0,0,180,248
"914","17","control",9,2005,2005-09-30,"4","2",285,3,0,0,137,385
"915","17","control",9,2006,2006-09-23,"4","2",295,2,0,0,0,0
"916","17","control",9,2007,2007-09-08,"4","2",305,8,0,0,177,543
"917","17","control",9,2008,2008-09-27,"4","2",318,2,0,0,0,0
"918","17","control",9,2010,2010-09-05,"4","2",340,4,0,0,0,0
"919","17","control",9,2012,2012-09-15,"4","3",359,9,0,0,0,0
"920","17","control",9,2013,2013-09-14,"4","3",369,4,1,0.25,0,0
"921","17","control",9,2014,2014-09-27,"4","3",380,9,0,0,0,0
"922","17","control",10,1995,1995-10-28,"4","2",186,1,0,0,0,0
"923","17","control",10,2002,2002-10-05,"4","2",255,1,0,0,131.87351518,331.87351518
"924","17","control",10,2004,2004-10-16,"4","2",277,2,0,0,101,132
"925","17","control",10,2006,2006-10-21,"4","2",296,5,2,0.4,38,38
"926","17","control",10,2007,2007-10-13,"4","2",306,3,0,0,52,445
"927","17","control",10,2011,2011-10-01,"4","3",350,5,0,0,0,0
"928","17","control",10,2011,2011-10-22,"4","3",351,7,1,0.142857142857143,0,0
"929","17","control",10,2012,2012-10-13,"4","3",360,4,0,0,0,0
"930","17","control",10,2014,2014-10-25,"4","3",381,1,0,0,0,0
"931","17","control",11,2005,2005-11-05,"4","2",286,1,0,0,137,454
"932","17","control",11,2006,2006-11-18,"4","2",297,6,0,0,39,77
"933","17","control",11,2007,2007-11-10,"4","2",307,4,0,0,78,307
"934","17","control",11,2010,2010-11-06,"4","2",341,1,0,0,0,0
"935","17","control",11,2014,2014-11-22,"4","3",382,2,0,0,0,0
"936","17","control",12,2004,2004-12-11,"1","2",278,1,0,0,98,199
"937","17","control",12,2006,2006-12-16,"1","2",298,5,1,0.2,51,128
"938","19","exclosure",1,2006,2006-01-28,"1","2",289,1,0,0,41,109
"939","19","exclosure",2,2007,2007-02-17,"1","2",299,1,0,0,157.87351518,450.74703036
"940","19","exclosure",3,2006,2006-03-04,"2","2",290,1,0,0,42,126
"941","19","exclosure",3,2006,2006-03-25,"2","2",291,1,0,0,41,124
"942","19","exclosure",3,2007,2007-03-17,"2","2",300,5,0,0,290,673.74703036
"943","19","exclosure",3,2013,2013-03-13,"2","3",365,1,0,0,45,91
"944","19","exclosure",3,2014,2014-03-01,"2","3",373,2,0,0,0,0
"945","19","exclosure",3,2014,2014-03-29,"2","3",374,1,0,0,0,0
"946","19","exclosure",4,1996,1996-04-14,"2","2",192,1,0,0,0,0
"947","19","exclosure",4,1997,1997-04-12,"2","2",203,1,0,0,26,56
"948","19","exclosure",4,2002,2002-04-16,"2","2",250,1,0,0,113,448
"949","19","exclosure",4,2005,2005-04-09,"2","2",280,1,0,0,0,46
"950","19","exclosure",4,2006,2006-04-29,"2","2",292,2,0,0,44,127
"951","19","exclosure",4,2007,2007-04-14,"2","2",301,3,0,0,212,659.87351518
"952","19","exclosure",4,2010,2010-04-17,"2","2",337,1,0,0,0,0
"953","19","exclosure",4,2011,2011-04-02,"2","3",345,3,0,0,0,0
"954","19","exclosure",4,2012,2012-04-21,"2","3",355,2,0,0,0,0
"955","19","exclosure",4,2013,2013-04-13,"2","3",366,5,0,0,0,91
"956","19","exclosure",4,2014,2014-04-26,"2","3",375,3,1,0.333333333333333,0,0
"957","19","exclosure",5,1996,1996-05-23,"2","2",193,1,0,0,0,0
"958","19","exclosure",5,1997,1997-05-10,"2","2",204,1,0,0,87,113
"959","19","exclosure",5,2002,2002-05-15,"2","2",251,2,1,0.5,182,451
"960","19","exclosure",5,2003,2003-05-03,"2","2",262,1,0,0,220,595
"961","19","exclosure",5,2003,2003-05-28,"2","2",263,1,1,1,268,636
"962","19","exclosure",5,2005,2005-05-07,"2","2",0,1,1,1,0,0
"963","19","exclosure",5,2006,2006-05-27,"2","2",293,7,1,0.142857142857143,56,141
"964","19","exclosure",5,2007,2007-05-19,"2","2",302,2,0,0,355,857
"965","19","exclosure",5,2011,2011-05-26,"2","3",0,2,1,0.5,0,0
"966","19","exclosure",5,2013,2013-05-11,"2","3",367,1,0,0,0,45
"967","19","exclosure",5,2014,2014-05-31,"2","3",376,3,1,0.333333333333333,0,0
"968","19","exclosure",6,1993,1993-06-18,"3","1",157,1,1,1,0,0
"969","19","exclosure",6,1997,1997-06-09,"3","2",205,1,0,0,93,206
"970","19","exclosure",6,2002,2002-06-15,"3","2",252,3,0,0,178,473
"971","19","exclosure",6,2003,2003-06-28,"3","2",264,2,0,0,277,765
"972","19","exclosure",6,2005,2005-06-04,"3","2",281,1,0,0,0,46
"973","19","exclosure",6,2007,2007-06-16,"3","2",303,3,1,0.333333333333333,344,911
"974","19","exclosure",6,2008,2008-06-07,"3","2",314,2,1,0.5,117,460
"975","19","exclosure",6,2008,2008-06-28,"3","2",315,2,0,0,97,322
"976","19","exclosure",6,2009,2009-06-20,"3","2",327,1,0,0,41,122
"977","19","exclosure",6,2012,2012-06-16,"3","3",356,4,2,0.5,0,0
"978","19","exclosure",6,2014,2014-06-28,"3","3",377,9,2,0.222222222222222,0,0
"979","19","exclosure",7,1993,1993-07-14,"3","1",158,2,1,0.5,0,0
"980","19","exclosure",7,1994,1994-07-08,"3","1",170,1,1,1,0,0
"981","19","exclosure",7,1996,1996-07-20,"3","2",195,1,0,0,0,26
"982","19","exclosure",7,1997,1997-07-11,"3","2",0,2,0,0,0,0
"983","19","exclosure",7,1997,1997-07-29,"3","2",207,1,0,0,141,397
"984","19","exclosure",7,2000,2000-07-01,"3","2",236,1,1,1,127,394
"985","19","exclosure",7,2002,2002-07-13,"3","2",253,2,2,1,224,584
"986","19","exclosure",7,2003,2003-07-28,"3","2",265,2,1,0.5,255,800
"987","19","exclosure",7,2005,2005-07-09,"3","2",282,3,0,0,0,0
"988","19","exclosure",7,2006,2006-07-22,"3","2",294,9,7,0.777777777777778,27,127
"989","19","exclosure",7,2007,2007-07-14,"3","2",304,2,0,0,390,1089
"990","19","exclosure",7,2008,2008-07-26,"3","2",316,1,0,0,106,320
"991","19","exclosure",7,2010,2010-07-10,"3","2",339,1,0,0,0,0
"992","19","exclosure",7,2011,2011-07-02,"3","3",347,5,1,0.2,0,0
"993","19","exclosure",7,2012,2012-07-28,"3","3",357,9,0,0,29,29
"994","19","exclosure",7,2013,2013-07-06,"3","3",368,10,0,0,0,0
"995","19","exclosure",8,1993,1993-08-19,"3","1",159,1,1,1,0,0
"996","19","exclosure",8,1994,1994-08-17,"3","1",171,1,1,1,0,0
"997","19","exclosure",8,1995,1995-08-26,"3","2",184,2,1,0.5,0,0
"998","19","exclosure",8,1996,1996-08-14,"3","2",196,1,1,1,23,49
"999","19","exclosure",8,1998,1998-08-22,"3","2",218,2,0,0,139,478
"1000","19","exclosure",8,2000,2000-08-25,"3","2",237,2,0,0,72,316
"1001","19","exclosure",8,2001,2001-08-25,"3","2",244,1,0,0,89,202
"1002","19","exclosure",8,2003,2003-08-23,"3","2",266,3,0,0,208,740
"1003","19","exclosure",8,2005,2005-08-06,"3","2",283,7,0,0,0,0
"1004","19","exclosure",8,2009,2009-08-22,"3","2",329,1,0,0,40,151
"1005","19","exclosure",8,2011,2011-08-06,"3","3",348,5,3,0.6,31,31
"1006","19","exclosure",8,2011,2011-08-27,"3","3",349,2,0,0,0,31
"1007","19","exclosure",8,2012,2012-08-18,"3","3",358,10,0,0,96,125
"1008","19","exclosure",8,2014,2014-08-02,"3","3",378,5,1,0.2,0,0
"1009","19","exclosure",8,2014,2014-08-30,"3","3",379,11,0,0,0,0
"1010","19","exclosure",9,1993,1993-09-16,"4","1",160,1,0,0,0,0
"1011","19","exclosure",9,1994,1994-09-06,"4","1",172,1,0,0,0,0
"1012","19","exclosure",9,1995,1995-09-23,"4","2",185,4,0,0,0,0
"1013","19","exclosure",9,1996,1996-09-21,"4","2",197,1,1,1,0,23
"1014","19","exclosure",9,2001,2001-09-22,"4","2",245,2,0,0,195,347
"1015","19","exclosure",9,2003,2003-09-27,"4","2",267,1,0,0,126,589
"1016","19","exclosure",9,2004,2004-09-11,"4","2",276,1,0,0,59.87351518,207.87351518
"1017","19","exclosure",9,2005,2005-09-03,"4","2",284,7,0,0,40,40
"1018","19","exclosure",9,2005,2005-09-30,"4","2",285,5,0,0,125,165
"1019","19","exclosure",9,2006,2006-09-23,"4","2",295,2,1,0.5,32,115
"1020","19","exclosure",9,2007,2007-09-08,"4","2",305,2,0,0,404,1138
"1021","19","exclosure",9,2010,2010-09-05,"4","2",340,2,0,0,0,0
"1022","19","exclosure",9,2012,2012-09-15,"4","3",359,8,0,0,68,193
"1023","19","exclosure",9,2013,2013-09-14,"4","3",369,5,1,0.2,0,0
"1024","19","exclosure",9,2014,2014-09-27,"4","3",380,6,0,0,0,0
"1025","19","exclosure",10,1995,1995-10-28,"4","2",186,3,0,0,0,0
"1026","19","exclosure",10,2001,2001-10-13,"4","2",246,1,0,0,101,385
"1027","19","exclosure",10,2002,2002-10-05,"4","2",255,1,0,0,131,424
"1028","19","exclosure",10,2004,2004-10-16,"4","2",277,2,0,0,0,130.87351518
"1029","19","exclosure",10,2006,2006-10-21,"4","2",296,3,1,0.333333333333333,62,121
"1030","19","exclosure",10,2007,2007-10-13,"4","2",306,1,0,0,333,1127
"1031","19","exclosure",10,2011,2011-10-01,"4","3",350,1,1,1,0,31
"1032","19","exclosure",10,2011,2011-10-22,"4","3",351,2,0,0,0,0
"1033","19","exclosure",10,2012,2012-10-13,"4","3",360,4,0,0,35,199
"1034","19","exclosure",10,2014,2014-10-25,"4","3",381,5,1,0.2,0,0
"1035","19","exclosure",11,2002,2002-11-09,"4","2",256,2,1,0.5,155.87351518,355.87351518
"1036","19","exclosure",11,2005,2005-11-05,"4","2",286,2,0,0,91,256
"1037","19","exclosure",11,2006,2006-11-18,"4","2",297,7,0,0,67,161
"1038","19","exclosure",11,2007,2007-11-10,"4","2",307,1,0,0,303,1040
"1039","19","exclosure",11,2010,2010-11-06,"4","2",341,1,0,0,0,0
"1040","19","exclosure",11,2012,2012-11-10,"4","3",361,2,0,0,35,138
"1041","19","exclosure",11,2013,2013-11-02,"4","3",370,3,0,0,0,0
"1042","19","exclosure",11,2014,2014-11-22,"4","3",382,2,0,0,0,0
"1043","19","exclosure",12,1995,1995-12-02,"1","2",187,2,0,0,0,0
"1044","19","exclosure",12,2002,2002-12-07,"1","2",257,1,0,0,245,531.87351518
"1045","19","exclosure",12,2004,2004-12-11,"1","2",278,1,0,0,0,59.87351518
"1046","19","exclosure",12,2005,2005-12-09,"1","2",287,1,0,0,25,241
"1047","19","exclosure",12,2006,2006-12-16,"1","2",298,4,0,0,225.87351518,354.87351518
"1048","19","exclosure",12,2013,2013-12-29,"1","3",371,1,0,0,0,0
"1049","21","exclosure",1,1996,1996-01-27,"1","2",189,1,0,0,0,0
"1050","21","exclosure",2,1996,1996-02-24,"1","2",190,1,0,0,0,0
"1051","21","exclosure",2,2007,2007-02-17,"1","2",299,2,0,0,162,793
"1052","21","exclosure",3,1996,1996-03-23,"2","2",191,2,1,0.5,0,0
"1053","21","exclosure",3,2000,2000-03-04,"2","2",0,1,1,1,0,0
"1054","21","exclosure",3,2007,2007-03-17,"2","2",300,2,0,0,123,625
"1055","21","exclosure",3,2014,2014-03-29,"2","3",374,3,0,0,0,164
"1056","21","exclosure",4,1993,1993-04-23,"2","1",155,1,1,1,0,0
"1057","21","exclosure",4,1995,1995-04-29,"2","2",180,1,1,1,0,0
"1058","21","exclosure",4,1996,1996-04-14,"2","2",192,2,2,1,0,0
"1059","21","exclosure",4,1997,1997-04-12,"2","2",203,3,1,0.333333333333333,0,0
"1060","21","exclosure",4,2004,2004-04-17,"2","2",0,1,0,0,0,0
"1061","21","exclosure",4,2005,2005-04-09,"2","2",280,1,1,1,90,372
"1062","21","exclosure",4,2006,2006-04-29,"2","2",292,1,0,0,134,413
"1063","21","exclosure",4,2007,2007-04-14,"2","2",301,2,0,0,256,541
"1064","21","exclosure",4,2008,2008-04-06,"2","2",312,1,0,0,141,321
"1065","21","exclosure",4,2009,2009-04-26,"2","2",325,1,0,0,68,221
"1066","21","exclosure",4,2010,2010-04-17,"2","2",337,2,1,0.5,0,75
"1067","21","exclosure",4,2011,2011-04-02,"2","3",345,2,0,0,50,50
"1068","21","exclosure",4,2012,2012-04-21,"2","3",355,2,1,0.5,44,111
"1069","21","exclosure",4,2013,2013-04-13,"2","3",366,1,0,0,84,243
"1070","21","exclosure",4,2014,2014-04-26,"2","3",375,3,1,0.333333333333333,24,109
"1071","21","exclosure",5,1994,1994-05-18,"2","1",168,1,0,0,0,0
"1072","21","exclosure",5,1997,1997-05-10,"2","2",204,2,1,0.5,26,26
"1073","21","exclosure",5,2006,2006-05-27,"2","2",293,1,0,0,173,458
"1074","21","exclosure",5,2010,2010-05-15,"2","2",338,1,0,0,0,36
"1075","21","exclosure",5,2011,2011-05-07,"2","3",346,3,1,0.333333333333333,46,96
"1076","21","exclosure",5,2011,2011-05-26,"2","3",0,4,2,0.5,0,0
"1077","21","exclosure",5,2013,2013-05-11,"2","3",367,1,1,1,81,246
"1078","21","exclosure",5,2014,2014-05-31,"2","3",376,7,2,0.285714285714286,93,117
"1079","21","exclosure",6,1993,1993-06-18,"3","1",157,1,0,0,0,0
"1080","21","exclosure",6,1994,1994-06-14,"3","1",169,1,0,0,0,0
"1081","21","exclosure",6,1995,1995-06-07,"3","2",181,1,1,1,0,0
"1082","21","exclosure",6,1995,1995-06-27,"3","2",182,1,0,0,0,0
"1083","21","exclosure",6,1996,1996-06-13,"3","2",194,2,1,0.5,0,0
"1084","21","exclosure",6,1997,1997-06-11,"3","2",0,3,1,0.333333333333333,0,0
"1085","21","exclosure",6,1998,1998-06-27,"3","2",216,1,1,1,125,270
"1086","21","exclosure",6,2005,2005-06-04,"3","2",281,1,0,0,59,269
"1087","21","exclosure",6,2007,2007-06-16,"3","2",303,1,0,0,657.3675759,1444.3675759
"1088","21","exclosure",6,2008,2008-06-07,"3","2",314,3,1,0.333333333333333,56,299
"1089","21","exclosure",6,2008,2008-06-28,"3","2",315,3,1,0.333333333333333,81,239
"1090","21","exclosure",6,2009,2009-06-20,"3","2",327,3,1,0.333333333333333,73,215
"1091","21","exclosure",6,2012,2012-06-16,"3","3",356,4,2,0.5,57,136
"1092","21","exclosure",6,2014,2014-06-28,"3","3",377,7,2,0.285714285714286,159,276
"1093","21","exclosure",7,1992,1992-07-03,"3","1",146,1,0,0,0,0
"1094","21","exclosure",7,1993,1993-07-14,"3","1",158,1,1,1,0,0
"1095","21","exclosure",7,1995,1995-07-20,"3","2",183,2,0,0,0,0
"1096","21","exclosure",7,1996,1996-07-20,"3","2",195,3,1,0.333333333333333,0,0
"1097","21","exclosure",7,1997,1997-07-09,"3","2",206,4,0,0,212,398
"1098","21","exclosure",7,1997,1997-07-29,"3","2",207,2,0,0,191,563
"1099","21","exclosure",7,2003,2003-07-28,"3","2",265,2,0,0,306,956
"1100","21","exclosure",7,2005,2005-07-09,"3","2",282,1,0,0,110,259
"1101","21","exclosure",7,2006,2006-07-22,"3","2",294,5,2,0.4,289.87351518,596.87351518
"1102","21","exclosure",7,2007,2007-07-14,"3","2",304,2,0,0,676,1864.3675759
"1103","21","exclosure",7,2008,2008-07-26,"3","2",316,3,0,0,71,208
"1104","21","exclosure",7,2009,2009-07-29,"3","2",328,4,0,0,76,223
"1105","21","exclosure",7,2010,2010-07-10,"3","2",339,3,0,0,0,0
"1106","21","exclosure",7,2011,2011-07-02,"3","3",347,7,0,0,0,96
"1107","21","exclosure",7,2012,2012-07-28,"3","3",357,11,2,0.181818181818182,38,139
"1108","21","exclosure",7,2013,2013-07-06,"3","3",368,4,0,0,107,272
"1109","21","exclosure",8,1992,1992-08-29,"3","1",148,2,0,0,0,0
"1110","21","exclosure",8,1994,1994-08-17,"3","1",171,1,1,1,0,0
"1111","21","exclosure",8,1995,1995-08-26,"3","2",184,1,0,0,0,0
"1112","21","exclosure",8,1996,1996-08-14,"3","2",196,2,0,0,0,0
"1113","21","exclosure",8,2000,2000-08-25,"3","2",237,1,0,0,198,615
"1114","21","exclosure",8,2003,2003-08-23,"3","2",266,1,0,0,418,984
"1115","21","exclosure",8,2004,2004-08-19,"3","2",275,1,0,0,59,182
"1116","21","exclosure",8,2005,2005-08-06,"3","2",283,5,0,0,244,413
"1117","21","exclosure",8,2008,2008-08-30,"3","2",317,3,0,0,98,250
"1118","21","exclosure",8,2009,2009-08-22,"3","2",329,2,0,0,138.87351518,287.87351518
"1119","21","exclosure",8,2011,2011-08-06,"3","3",348,9,2,0.222222222222222,0,46
"1120","21","exclosure",8,2011,2011-08-27,"3","3",349,8,2,0.25,0,0
"1121","21","exclosure",8,2012,2012-08-18,"3","3",358,7,0,0,88,183
"1122","21","exclosure",8,2014,2014-08-02,"3","3",378,3,0,0,112,364
"1123","21","exclosure",8,2014,2014-08-30,"3","3",379,9,0,0,179,450
"1124","21","exclosure",9,1994,1994-09-06,"4","1",172,1,0,0,0,0
"1125","21","exclosure",9,1995,1995-09-23,"4","2",185,3,1,0.333333333333333,0,0
"1126","21","exclosure",9,1996,1996-09-21,"4","2",197,2,0,0,0,0
"1127","21","exclosure",9,1997,1997-09-27,"4","2",208,1,0,0,124,527
"1128","21","exclosure",9,1999,1999-09-11,"4","2",228,1,1,1,0,238
"1129","21","exclosure",9,2004,2004-09-11,"4","2",276,1,0,0,95,189
"1130","21","exclosure",9,2005,2005-09-03,"4","2",284,3,0,0,321,675
"1131","21","exclosure",9,2005,2005-09-30,"4","2",285,1,0,0,300,865
"1132","21","exclosure",9,2006,2006-09-23,"4","2",295,1,1,1,150,612.87351518
"1133","21","exclosure",9,2007,2007-09-08,"4","2",305,4,0,0,474,1807.3675759
"1134","21","exclosure",9,2008,2008-09-27,"4","2",318,2,0,0,95,264
"1135","21","exclosure",9,2009,2009-09-19,"4","2",330,1,0,0,62,276.87351518
"1136","21","exclosure",9,2010,2010-09-05,"4","2",340,6,1,0.166666666666667,38,38
"1137","21","exclosure",9,2012,2012-09-15,"4","3",359,8,0,0,115.87351518,241.87351518
"1138","21","exclosure",9,2013,2013-09-14,"4","3",369,4,0,0,80,268
"1139","21","exclosure",9,2014,2014-09-27,"4","3",380,8,0,0,164,455
"1140","21","exclosure",10,1994,1994-10-12,"4","1",173,1,0,0,0,0
"1141","21","exclosure",10,1995,1995-10-28,"4","2",186,2,0,0,0,0
"1142","21","exclosure",10,1997,1997-10-25,"4","2",209,1,0,0,160,475
"1143","21","exclosure",10,2004,2004-10-16,"4","2",277,1,0,0,114,268
"1144","21","exclosure",10,2006,2006-10-21,"4","2",296,4,2,0.5,199,638.87351518
"1145","21","exclosure",10,2007,2007-10-13,"4","2",306,1,0,0,388,1538
"1146","21","exclosure",10,2011,2011-10-01,"4","3",350,13,1,0.0769230769230769,0,0
"1147","21","exclosure",10,2011,2011-10-22,"4","3",351,11,2,0.181818181818182,0,0
"1148","21","exclosure",10,2012,2012-10-13,"4","3",360,7,0,0,91,294.87351518
"1149","21","exclosure",10,2014,2014-10-25,"4","3",381,2,0,0,138,481
"1150","21","exclosure",11,2005,2005-11-05,"4","2",286,2,0,0,308,929
"1151","21","exclosure",11,2006,2006-11-18,"4","2",297,5,0,0,291,640
"1152","21","exclosure",11,2007,2007-11-10,"4","2",307,1,0,0,340.87351518,1202.87351518
"1153","21","exclosure",11,2010,2010-11-06,"4","2",341,2,0,0,0,38
"1154","21","exclosure",11,2012,2012-11-10,"4","3",361,3,0,0,61,267.87351518
"1155","21","exclosure",11,2013,2013-11-02,"4","3",370,4,0,0,83,270
"1156","21","exclosure",11,2014,2014-11-22,"4","3",382,3,0,0,104,406
"1157","21","exclosure",12,1995,1995-12-02,"1","2",187,3,0,0,0,0
"1158","21","exclosure",12,1995,1995-12-21,"1","2",188,2,1,0.5,0,0
"1159","21","exclosure",12,1999,1999-12-05,"1","2",231,1,0,0,151,318
"1160","21","exclosure",12,2006,2006-12-16,"1","2",298,3,1,0.333333333333333,340,830
"1161","21","exclosure",12,2012,2012-12-08,"1","3",362,2,0,0,82,234
"1162","22","control",2,2007,2007-02-17,"1","2",299,2,0,0,239,579
"1163","22","control",3,2003,2003-03-29,"2","2",261,1,1,1,194,571
"1164","22","control",3,2007,2007-03-17,"2","2",300,5,0,0,79,490
"1165","22","control",3,2014,2014-03-29,"2","3",374,1,0,0,0,33
"1166","22","control",4,1994,1994-04-10,"2","1",167,1,0,0,0,0
"1167","22","control",4,1997,1997-04-12,"2","2",203,1,0,0,0,92
"1168","22","control",4,2011,2011-04-02,"2","3",345,2,0,0,0,0
"1169","22","control",4,2012,2012-04-21,"2","3",355,2,1,0.5,32,131
"1170","22","control",4,2013,2013-04-13,"2","3",366,1,0,0,0,83
"1171","22","control",4,2014,2014-04-26,"2","3",375,2,0,0,35,35
"1172","22","control",5,1996,1996-05-23,"2","2",193,1,1,1,0,0
"1173","22","control",5,2003,2003-05-03,"2","2",262,1,1,1,204,585
"1174","22","control",5,2004,2004-05-17,"2","2",274,1,1,1,81,317
"1175","22","control",5,2007,2007-05-19,"2","2",302,1,1,1,288,562
"1176","22","control",5,2011,2011-05-07,"2","3",346,1,0,0,0,0
"1177","22","control",5,2013,2013-05-11,"2","3",367,3,1,0.333333333333333,68,111
"1178","22","control",5,2014,2014-05-31,"2","3",376,2,0,0,59,94
"1179","22","control",6,2003,2003-06-28,"3","2",264,2,0,0,225,563
"1180","22","control",6,2004,2004-06-19,"3","2",0,1,1,1,0,0
"1181","22","control",6,2005,2005-06-04,"3","2",281,1,0,0,165,456
"1182","22","control",6,2007,2007-06-16,"3","2",303,4,0,0,383,866
"1183","22","control",6,2012,2012-06-16,"3","3",356,4,2,0.5,31,128
"1184","22","control",6,2014,2014-06-28,"3","3",377,5,1,0.2,49,143
"1185","22","control",7,1995,1995-07-20,"3","2",183,1,1,1,0,0
"1186","22","control",7,1997,1997-07-09,"3","2",206,1,0,0,63,174
"1187","22","control",7,1997,1997-07-29,"3","2",207,1,0,0,145,266
"1188","22","control",7,2003,2003-07-28,"3","2",265,2,0,0,195,554
"1189","22","control",7,2004,2004-07-18,"3","2",0,1,0,0,0,0
"1190","22","control",7,2006,2006-07-22,"3","2",294,2,0,0,250,584
"1191","22","control",7,2007,2007-07-14,"3","2",304,2,1,0.5,335,1006
"1192","22","control",7,2011,2011-07-02,"3","3",347,3,1,0.333333333333333,0,0
"1193","22","control",7,2012,2012-07-28,"3","3",357,2,0,0,89,152
"1194","22","control",7,2013,2013-07-06,"3","3",368,3,0,0,63.87351518,131.87351518
"1195","22","control",8,1995,1995-08-26,"3","2",184,1,1,1,0,0
"1196","22","control",8,2003,2003-08-23,"3","2",266,4,0,0,230,650
"1197","22","control",8,2004,2004-08-19,"3","2",275,1,0,0,181,380
"1198","22","control",8,2005,2005-08-06,"3","2",283,2,0,0,251,549
"1199","22","control",8,2011,2011-08-06,"3","3",348,1,1,1,0,0
"1200","22","control",8,2011,2011-08-27,"3","3",349,3,1,0.333333333333333,0,0
"1201","22","control",8,2012,2012-08-18,"3","3",358,3,0,0,0,120
"1202","22","control",8,2014,2014-08-02,"3","3",378,4,1,0.25,25,133
"1203","22","control",8,2014,2014-08-30,"3","3",379,5,0,0,47,121
"1204","22","control",9,2003,2003-09-27,"4","2",267,2,0,0,197,622
"1205","22","control",9,2004,2004-09-11,"4","2",276,1,0,0,211,473
"1206","22","control",9,2005,2005-09-03,"4","2",284,1,0,0,296,680
"1207","22","control",9,2006,2006-09-23,"4","2",295,1,1,1,109,557
"1208","22","control",9,2007,2007-09-08,"4","2",305,4,0,0,385,1103
"1209","22","control",9,2010,2010-09-05,"4","2",340,3,0,0,0,106
"1210","22","control",9,2012,2012-09-15,"4","3",359,1,0,0,68,157
"1211","22","control",9,2013,2013-09-14,"4","3",369,2,1,0.5,64,195.87351518
"1212","22","control",9,2014,2014-09-27,"4","3",380,4,0,0,31,103
"1213","22","control",10,1991,1991-10-10,"4","1",137,1,0,0,0,0
"1214","22","control",10,2002,2002-10-05,"4","2",255,1,0,0,251,503
"1215","22","control",10,2003,2003-10-25,"4","2",268,1,0,0,154,581
"1216","22","control",10,2007,2007-10-13,"4","2",306,1,0,0,333,1053
"1217","22","control",10,2011,2011-10-01,"4","3",350,3,0,0,18,18
"1218","22","control",10,2011,2011-10-22,"4","3",351,4,0,0,24,42
"1219","22","control",10,2012,2012-10-13,"4","3",360,1,0,0,70,138
"1220","22","control",10,2014,2014-10-25,"4","3",381,3,0,0,31,109
"1221","22","control",11,2003,2003-11-22,"4","2",269,1,0,0,125,476
"1222","22","control",11,2006,2006-11-18,"4","2",297,4,1,0.25,168,467
"1223","22","control",11,2010,2010-11-06,"4","2",341,2,0,0,0,61
"1224","22","control",11,2012,2012-11-10,"4","3",361,1,0,0,36,174
"1225","22","control",11,2013,2013-11-02,"4","3",370,1,0,0,67,194.87351518
"1226","22","control",12,2006,2006-12-16,"1","2",298,3,0,0,172,530
